Subject,Start Date,Start Time,End Date,End Time,Description,Location
Cloud Solutions Architecture,2025-01-06,17:00,2025-01-06,19:00,Course Code: CST8912 | Section: 010 | Delivery: Theory | Professor: Ragini Madaan | Academic Penalty Withdrawal Date: 14-Mar-2025,WA150, Woodroffe
Cloud Solutions Architecture,2025-01-13,17:00,2025-01-13,19:00,Course Code: CST8912 | Section: 010 | Delivery: Theory | Professor: Ragini Madaan | Academic Penalty Withdrawal Date: 14-Mar-2025,WA150, Woodroffe
Cloud Solutions Architecture,2025-01-20,17:00,2025-01-20,19:00,Course Code: CST8912 | Section: 010 | Delivery: Theory | Professor: Ragini Madaan | Academic Penalty Withdrawal Date: 14-Mar-2025,WA150, Woodroffe
Cloud Solutions Architecture,2025-01-27,17:00,2025-01-27,19:00,Course Code: CST8912 | Section: 010 | Delivery: Theory | Professor: Ragini Madaan | Academic Penalty Withdrawal Date: 14-Mar-2025,WA150, Woodroffe
Cloud Solutions Architecture,2025-02-03,17:00,2025-02-03,19:00,Course Code: CST8912 | Section: 010 | Delivery: Theory | Professor: Ragini Madaan | Academic Penalty Withdrawal Date: 14-Mar-2025,WA150, Woodroffe
Cloud Solutions Architecture,2025-02-10,17:00,2025-02-10,19:00,Course Code: CST8912 | Section: 010 | Delivery: Theory | Professor: Ragini Madaan | Academic Penalty Withdrawal Date: 14-Mar-2025,WA150, Woodroffe
Cloud Solutions Architecture,2025-02-17,17:00,2025-02-17,19:00,Course Code: CST8912 | Section: 010 | Delivery: Theory | Professor: Ragini Madaan | Academic Penalty Withdrawal Date: 14-Mar-2025,WA150, Woodroffe
Cloud Solutions Architecture,2025-02-24,17:00,2025-02-24,19:00,Course Code: CST8912 | Section: 010 | Delivery: Theory | Professor: Ragini Madaan | Academic Penalty Withdrawal Date: 14-Mar-2025,WA150, Woodroffe
Cloud Solutions Architecture,2025-03-03,17:00,2025-03-03,19:00,Course Code: CST8912 | Section: 010 | Delivery: Theory | Professor: Ragini Madaan | Academic Penalty Withdrawal Date: 14-Mar-2025,WA150, Woodroffe
Cloud Solutions Architecture,2025-03-10,17:00,2025-03-10,19:00,Course Code: CST8912 | Section: 010 | Delivery: Theory | Professor: Ragini Madaan | Academic Penalty Withdrawal Date: 14-Mar-2025,WA150, Woodroffe
Cloud Solutions Architecture,2025-03-17,17:00,2025-03-17,19:00,Course Code: CST8912 | Section: 010 | Delivery: Theory | Professor: Ragini Madaan | Academic Penalty Withdrawal Date: 14-Mar-2025,WA150, Woodroffe
Cloud Solutions Architecture,2025-03-24,17:00,2025-03-24,19:00,Course Code: CST8912 | Section: 010 | Delivery: Theory | Professor: Ragini Madaan | Academic Penalty Withdrawal Date: 14-Mar-2025,WA150, Woodroffe
Cloud Solutions Architecture,2025-03-31,17:00,2025-03-31,19:00,Course Code: CST8912 | Section: 010 | Delivery: Theory | Professor: Ragini Madaan | Academic Penalty Withdrawal Date: 14-Mar-2025,WA150, Woodroffe
Cloud Solutions Architecture,2025-04-07,17:00,2025-04-07,19:00,Course Code: CST8912 | Section: 010 | Delivery: Theory | Professor: Ragini Madaan | Academic Penalty Withdrawal Date: 14-Mar-2025,WA150, Woodroffe
Cloud Solutions Architecture,2025-01-06,17:00,2025-01-06,19:00,Course Code: CST8912 | Section: 010 | Delivery: Theory | Professor: Ragini Madaan | Academic Penalty Withdrawal Date: 14-Mar-2025,WA150, Woodroffe
Cloud Solutions Architecture,2025-01-13,17:00,2025-01-13,19:00,Course Code: CST8912 | Section: 010 | Delivery: Theory | Professor: Ragini Madaan | Academic Penalty Withdrawal Date: 14-Mar-2025,WA150, Woodroffe
Cloud Solutions Architecture,2025-01-20,17:00,2025-01-20,19:00,Course Code: CST8912 | Section: 010 | Delivery: Theory | Professor: Ragini Madaan | Academic Penalty Withdrawal Date: 14-Mar-2025,WA150, Woodroffe
Cloud Solutions Architecture,2025-01-27,17:00,2025-01-27,19:00,Course Code: CST8912 | Section: 010 | Delivery: Theory | Professor: Ragini Madaan | Academic Penalty Withdrawal Date: 14-Mar-2025,WA150, Woodroffe
Cloud Solutions Architecture,2025-02-03,17:00,2025-02-03,19:00,Course Code: CST8912 | Section: 010 | Delivery: Theory | Professor: Ragini Madaan | Academic Penalty Withdrawal Date: 14-Mar-2025,WA150, Woodroffe
Cloud Solutions Architecture,2025-02-10,17:00,2025-02-10,19:00,Course Code: CST8912 | Section: 010 | Delivery: Theory | Professor: Ragini Madaan | Academic Penalty Withdrawal Date: 14-Mar-2025,WA150, Woodroffe
Cloud Solutions Architecture,2025-02-17,17:00,2025-02-17,19:00,Course Code: CST8912 | Section: 010 | Delivery: Theory | Professor: Ragini Madaan | Academic Penalty Withdrawal Date: 14-Mar-2025,WA150, Woodroffe
Cloud Solutions Architecture,2025-02-24,17:00,2025-02-24,19:00,Course Code: CST8912 | Section: 010 | Delivery: Theory | Professor: Ragini Madaan | Academic Penalty Withdrawal Date: 14-Mar-2025,WA150, Woodroffe
Cloud Solutions Architecture,2025-03-03,17:00,2025-03-03,19:00,Course Code: CST8912 | Section: 010 | Delivery: Theory | Professor: Ragini Madaan | Academic Penalty Withdrawal Date: 14-Mar-2025,WA150, Woodroffe
Cloud Solutions Architecture,2025-03-10,17:00,2025-03-10,19:00,Course Code: CST8912 | Section: 010 | Delivery: Theory | Professor: Ragini Madaan | Academic Penalty Withdrawal Date: 14-Mar-2025,WA150, Woodroffe
Cloud Solutions Architecture,2025-03-17,17:00,2025-03-17,19:00,Course Code: CST8912 | Section: 010 | Delivery: Theory | Professor: Ragini Madaan | Academic Penalty Withdrawal Date: 14-Mar-2025,WA150, Woodroffe
Cloud Solutions Architecture,2025-03-24,17:00,2025-03-24,19:00,Course Code: CST8912 | Section: 010 | Delivery: Theory | Professor: Ragini Madaan | Academic Penalty Withdrawal Date: 14-Mar-2025,WA150, Woodroffe
Cloud Solutions Architecture,2025-03-31,17:00,2025-03-31,19:00,Course Code: CST8912 | Section: 010 | Delivery: Theory | Professor: Ragini Madaan | Academic Penalty Withdrawal Date: 14-Mar-2025,WA150, Woodroffe
Cloud Solutions Architecture,2025-04-07,17:00,2025-04-07,19:00,Course Code: CST8912 | Section: 010 | Delivery: Theory | Professor: Ragini Madaan | Academic Penalty Withdrawal Date: 14-Mar-2025,WA150, Woodroffe
Cloud Solutions Architecture,2025-01-06,17:00,2025-01-06,19:00,Course Code: CST8912 | Section: 010 | Delivery: Theory | Professor: Ragini Madaan | Academic Penalty Withdrawal Date: 14-Mar-2025,WA150, Woodroffe
Cloud Solutions Architecture,2025-01-13,17:00,2025-01-13,19:00,Course Code: CST8912 | Section: 010 | Delivery: Theory | Professor: Ragini Madaan | Academic Penalty Withdrawal Date: 14-Mar-2025,WA150, Woodroffe
Cloud Solutions Architecture,2025-01-20,17:00,2025-01-20,19:00,Course Code: CST8912 | Section: 010 | Delivery: Theory | Professor: Ragini Madaan | Academic Penalty Withdrawal Date: 14-Mar-2025,WA150, Woodroffe
Cloud Solutions Architecture,2025-01-27,17:00,2025-01-27,19:00,Course Code: CST8912 | Section: 010 | Delivery: Theory | Professor: Ragini Madaan | Academic Penalty Withdrawal Date: 14-Mar-2025,WA150, Woodroffe
Cloud Solutions Architecture,2025-02-03,17:00,2025-02-03,19:00,Course Code: CST8912 | Section: 010 | Delivery: Theory | Professor: Ragini Madaan | Academic Penalty Withdrawal Date: 14-Mar-2025,WA150, Woodroffe
Cloud Solutions Architecture,2025-02-10,17:00,2025-02-10,19:00,Course Code: CST8912 | Section: 010 | Delivery: Theory | Professor: Ragini Madaan | Academic Penalty Withdrawal Date: 14-Mar-2025,WA150, Woodroffe
Cloud Solutions Architecture,2025-02-17,17:00,2025-02-17,19:00,Course Code: CST8912 | Section: 010 | Delivery: Theory | Professor: Ragini Madaan | Academic Penalty Withdrawal Date: 14-Mar-2025,WA150, Woodroffe
Cloud Solutions Architecture,2025-02-24,17:00,2025-02-24,19:00,Course Code: CST8912 | Section: 010 | Delivery: Theory | Professor: Ragini Madaan | Academic Penalty Withdrawal Date: 14-Mar-2025,WA150, Woodroffe
Cloud Solutions Architecture,2025-03-03,17:00,2025-03-03,19:00,Course Code: CST8912 | Section: 010 | Delivery: Theory | Professor: Ragini Madaan | Academic Penalty Withdrawal Date: 14-Mar-2025,WA150, Woodroffe
Cloud Solutions Architecture,2025-03-10,17:00,2025-03-10,19:00,Course Code: CST8912 | Section: 010 | Delivery: Theory | Professor: Ragini Madaan | Academic Penalty Withdrawal Date: 14-Mar-2025,WA150, Woodroffe
Cloud Solutions Architecture,2025-03-17,17:00,2025-03-17,19:00,Course Code: CST8912 | Section: 010 | Delivery: Theory | Professor: Ragini Madaan | Academic Penalty Withdrawal Date: 14-Mar-2025,WA150, Woodroffe
Cloud Solutions Architecture,2025-03-24,17:00,2025-03-24,19:00,Course Code: CST8912 | Section: 010 | Delivery: Theory | Professor: Ragini Madaan | Academic Penalty Withdrawal Date: 14-Mar-2025,WA150, Woodroffe
Cloud Solutions Architecture,2025-03-31,17:00,2025-03-31,19:00,Course Code: CST8912 | Section: 010 | Delivery: Theory | Professor: Ragini Madaan | Academic Penalty Withdrawal Date: 14-Mar-2025,WA150, Woodroffe
Cloud Solutions Architecture,2025-04-07,17:00,2025-04-07,19:00,Course Code: CST8912 | Section: 010 | Delivery: Theory | Professor: Ragini Madaan | Academic Penalty Withdrawal Date: 14-Mar-2025,WA150, Woodroffe
Full-stack Cloud-native Development,2025-01-06,19:00,2025-01-06,21:00,Course Code: CST8915 | Section: 011 | Delivery: Lab | Professor: Ramy Mohamed | Academic Penalty Withdrawal Date: 14-Mar-2025,CA407, Woodroffe
Full-stack Cloud-native Development,2025-01-13,19:00,2025-01-13,21:00,Course Code: CST8915 | Section: 011 | Delivery: Lab | Professor: Ramy Mohamed | Academic Penalty Withdrawal Date: 14-Mar-2025,CA407, Woodroffe
Full-stack Cloud-native Development,2025-01-20,19:00,2025-01-20,21:00,Course Code: CST8915 | Section: 011 | Delivery: Lab | Professor: Ramy Mohamed | Academic Penalty Withdrawal Date: 14-Mar-2025,CA407, Woodroffe
Full-stack Cloud-native Development,2025-01-27,19:00,2025-01-27,21:00,Course Code: CST8915 | Section: 011 | Delivery: Lab | Professor: Ramy Mohamed | Academic Penalty Withdrawal Date: 14-Mar-2025,CA407, Woodroffe
Full-stack Cloud-native Development,2025-02-03,19:00,2025-02-03,21:00,Course Code: CST8915 | Section: 011 | Delivery: Lab | Professor: Ramy Mohamed | Academic Penalty Withdrawal Date: 14-Mar-2025,CA407, Woodroffe
Full-stack Cloud-native Development,2025-02-10,19:00,2025-02-10,21:00,Course Code: CST8915 | Section: 011 | Delivery: Lab | Professor: Ramy Mohamed | Academic Penalty Withdrawal Date: 14-Mar-2025,CA407, Woodroffe
Full-stack Cloud-native Development,2025-02-17,19:00,2025-02-17,21:00,Course Code: CST8915 | Section: 011 | Delivery: Lab | Professor: Ramy Mohamed | Academic Penalty Withdrawal Date: 14-Mar-2025,CA407, Woodroffe
Full-stack Cloud-native Development,2025-02-24,19:00,2025-02-24,21:00,Course Code: CST8915 | Section: 011 | Delivery: Lab | Professor: Ramy Mohamed | Academic Penalty Withdrawal Date: 14-Mar-2025,CA407, Woodroffe
Full-stack Cloud-native Development,2025-03-03,19:00,2025-03-03,21:00,Course Code: CST8915 | Section: 011 | Delivery: Lab | Professor: Ramy Mohamed | Academic Penalty Withdrawal Date: 14-Mar-2025,CA407, Woodroffe
Full-stack Cloud-native Development,2025-03-10,19:00,2025-03-10,21:00,Course Code: CST8915 | Section: 011 | Delivery: Lab | Professor: Ramy Mohamed | Academic Penalty Withdrawal Date: 14-Mar-2025,CA407, Woodroffe
Full-stack Cloud-native Development,2025-03-17,19:00,2025-03-17,21:00,Course Code: CST8915 | Section: 011 | Delivery: Lab | Professor: Ramy Mohamed | Academic Penalty Withdrawal Date: 14-Mar-2025,CA407, Woodroffe
Full-stack Cloud-native Development,2025-03-24,19:00,2025-03-24,21:00,Course Code: CST8915 | Section: 011 | Delivery: Lab | Professor: Ramy Mohamed | Academic Penalty Withdrawal Date: 14-Mar-2025,CA407, Woodroffe
Full-stack Cloud-native Development,2025-03-31,19:00,2025-03-31,21:00,Course Code: CST8915 | Section: 011 | Delivery: Lab | Professor: Ramy Mohamed | Academic Penalty Withdrawal Date: 14-Mar-2025,CA407, Woodroffe
Full-stack Cloud-native Development,2025-04-07,19:00,2025-04-07,21:00,Course Code: CST8915 | Section: 011 | Delivery: Lab | Professor: Ramy Mohamed | Academic Penalty Withdrawal Date: 14-Mar-2025,CA407, Woodroffe
Full-stack Cloud-native Development,2025-01-06,19:00,2025-01-06,21:00,Course Code: CST8915 | Section: 011 | Delivery: Lab | Professor: Ramy Mohamed | Academic Penalty Withdrawal Date: 14-Mar-2025,CA407, Woodroffe
Full-stack Cloud-native Development,2025-01-13,19:00,2025-01-13,21:00,Course Code: CST8915 | Section: 011 | Delivery: Lab | Professor: Ramy Mohamed | Academic Penalty Withdrawal Date: 14-Mar-2025,CA407, Woodroffe
Full-stack Cloud-native Development,2025-01-20,19:00,2025-01-20,21:00,Course Code: CST8915 | Section: 011 | Delivery: Lab | Professor: Ramy Mohamed | Academic Penalty Withdrawal Date: 14-Mar-2025,CA407, Woodroffe
Full-stack Cloud-native Development,2025-01-27,19:00,2025-01-27,21:00,Course Code: CST8915 | Section: 011 | Delivery: Lab | Professor: Ramy Mohamed | Academic Penalty Withdrawal Date: 14-Mar-2025,CA407, Woodroffe
Full-stack Cloud-native Development,2025-02-03,19:00,2025-02-03,21:00,Course Code: CST8915 | Section: 011 | Delivery: Lab | Professor: Ramy Mohamed | Academic Penalty Withdrawal Date: 14-Mar-2025,CA407, Woodroffe
Full-stack Cloud-native Development,2025-02-10,19:00,2025-02-10,21:00,Course Code: CST8915 | Section: 011 | Delivery: Lab | Professor: Ramy Mohamed | Academic Penalty Withdrawal Date: 14-Mar-2025,CA407, Woodroffe
Full-stack Cloud-native Development,2025-02-17,19:00,2025-02-17,21:00,Course Code: CST8915 | Section: 011 | Delivery: Lab | Professor: Ramy Mohamed | Academic Penalty Withdrawal Date: 14-Mar-2025,CA407, Woodroffe
Full-stack Cloud-native Development,2025-02-24,19:00,2025-02-24,21:00,Course Code: CST8915 | Section: 011 | Delivery: Lab | Professor: Ramy Mohamed | Academic Penalty Withdrawal Date: 14-Mar-2025,CA407, Woodroffe
Full-stack Cloud-native Development,2025-03-03,19:00,2025-03-03,21:00,Course Code: CST8915 | Section: 011 | Delivery: Lab | Professor: Ramy Mohamed | Academic Penalty Withdrawal Date: 14-Mar-2025,CA407, Woodroffe
Full-stack Cloud-native Development,2025-03-10,19:00,2025-03-10,21:00,Course Code: CST8915 | Section: 011 | Delivery: Lab | Professor: Ramy Mohamed | Academic Penalty Withdrawal Date: 14-Mar-2025,CA407, Woodroffe
Full-stack Cloud-native Development,2025-03-17,19:00,2025-03-17,21:00,Course Code: CST8915 | Section: 011 | Delivery: Lab | Professor: Ramy Mohamed | Academic Penalty Withdrawal Date: 14-Mar-2025,CA407, Woodroffe
Full-stack Cloud-native Development,2025-03-24,19:00,2025-03-24,21:00,Course Code: CST8915 | Section: 011 | Delivery: Lab | Professor: Ramy Mohamed | Academic Penalty Withdrawal Date: 14-Mar-2025,CA407, Woodroffe
Full-stack Cloud-native Development,2025-03-31,19:00,2025-03-31,21:00,Course Code: CST8915 | Section: 011 | Delivery: Lab | Professor: Ramy Mohamed | Academic Penalty Withdrawal Date: 14-Mar-2025,CA407, Woodroffe
Full-stack Cloud-native Development,2025-04-07,19:00,2025-04-07,21:00,Course Code: CST8915 | Section: 011 | Delivery: Lab | Professor: Ramy Mohamed | Academic Penalty Withdrawal Date: 14-Mar-2025,CA407, Woodroffe
Full-stack Cloud-native Development,2025-01-06,19:00,2025-01-06,21:00,Course Code: CST8915 | Section: 011 | Delivery: Lab | Professor: Ramy Mohamed | Academic Penalty Withdrawal Date: 14-Mar-2025,CA407, Woodroffe
Full-stack Cloud-native Development,2025-01-13,19:00,2025-01-13,21:00,Course Code: CST8915 | Section: 011 | Delivery: Lab | Professor: Ramy Mohamed | Academic Penalty Withdrawal Date: 14-Mar-2025,CA407, Woodroffe
Full-stack Cloud-native Development,2025-01-20,19:00,2025-01-20,21:00,Course Code: CST8915 | Section: 011 | Delivery: Lab | Professor: Ramy Mohamed | Academic Penalty Withdrawal Date: 14-Mar-2025,CA407, Woodroffe
Full-stack Cloud-native Development,2025-01-27,19:00,2025-01-27,21:00,Course Code: CST8915 | Section: 011 | Delivery: Lab | Professor: Ramy Mohamed | Academic Penalty Withdrawal Date: 14-Mar-2025,CA407, Woodroffe
Full-stack Cloud-native Development,2025-02-03,19:00,2025-02-03,21:00,Course Code: CST8915 | Section: 011 | Delivery: Lab | Professor: Ramy Mohamed | Academic Penalty Withdrawal Date: 14-Mar-2025,CA407, Woodroffe
Full-stack Cloud-native Development,2025-02-10,19:00,2025-02-10,21:00,Course Code: CST8915 | Section: 011 | Delivery: Lab | Professor: Ramy Mohamed | Academic Penalty Withdrawal Date: 14-Mar-2025,CA407, Woodroffe
Full-stack Cloud-native Development,2025-02-17,19:00,2025-02-17,21:00,Course Code: CST8915 | Section: 011 | Delivery: Lab | Professor: Ramy Mohamed | Academic Penalty Withdrawal Date: 14-Mar-2025,CA407, Woodroffe
Full-stack Cloud-native Development,2025-02-24,19:00,2025-02-24,21:00,Course Code: CST8915 | Section: 011 | Delivery: Lab | Professor: Ramy Mohamed | Academic Penalty Withdrawal Date: 14-Mar-2025,CA407, Woodroffe
Full-stack Cloud-native Development,2025-03-03,19:00,2025-03-03,21:00,Course Code: CST8915 | Section: 011 | Delivery: Lab | Professor: Ramy Mohamed | Academic Penalty Withdrawal Date: 14-Mar-2025,CA407, Woodroffe
Full-stack Cloud-native Development,2025-03-10,19:00,2025-03-10,21:00,Course Code: CST8915 | Section: 011 | Delivery: Lab | Professor: Ramy Mohamed | Academic Penalty Withdrawal Date: 14-Mar-2025,CA407, Woodroffe
Full-stack Cloud-native Development,2025-03-17,19:00,2025-03-17,21:00,Course Code: CST8915 | Section: 011 | Delivery: Lab | Professor: Ramy Mohamed | Academic Penalty Withdrawal Date: 14-Mar-2025,CA407, Woodroffe
Full-stack Cloud-native Development,2025-03-24,19:00,2025-03-24,21:00,Course Code: CST8915 | Section: 011 | Delivery: Lab | Professor: Ramy Mohamed | Academic Penalty Withdrawal Date: 14-Mar-2025,CA407, Woodroffe
Full-stack Cloud-native Development,2025-03-31,19:00,2025-03-31,21:00,Course Code: CST8915 | Section: 011 | Delivery: Lab | Professor: Ramy Mohamed | Academic Penalty Withdrawal Date: 14-Mar-2025,CA407, Woodroffe
Full-stack Cloud-native Development,2025-04-07,19:00,2025-04-07,21:00,Course Code: CST8915 | Section: 011 | Delivery: Lab | Professor: Ramy Mohamed | Academic Penalty Withdrawal Date: 14-Mar-2025,CA407, Woodroffe
Full-stack Cloud-native Development,2025-01-07,16:00,2025-01-07,18:00,Course Code: CST8915 | Section: 010 | Delivery: Theory | Professor: Ramy Mohamed | Academic Penalty Withdrawal Date: 14-Mar-2025,WT117, Woodroffe
Full-stack Cloud-native Development,2025-01-14,16:00,2025-01-14,18:00,Course Code: CST8915 | Section: 010 | Delivery: Theory | Professor: Ramy Mohamed | Academic Penalty Withdrawal Date: 14-Mar-2025,WT117, Woodroffe
Full-stack Cloud-native Development,2025-01-21,16:00,2025-01-21,18:00,Course Code: CST8915 | Section: 010 | Delivery: Theory | Professor: Ramy Mohamed | Academic Penalty Withdrawal Date: 14-Mar-2025,WT117, Woodroffe
Full-stack Cloud-native Development,2025-01-28,16:00,2025-01-28,18:00,Course Code: CST8915 | Section: 010 | Delivery: Theory | Professor: Ramy Mohamed | Academic Penalty Withdrawal Date: 14-Mar-2025,WT117, Woodroffe
Full-stack Cloud-native Development,2025-02-04,16:00,2025-02-04,18:00,Course Code: CST8915 | Section: 010 | Delivery: Theory | Professor: Ramy Mohamed | Academic Penalty Withdrawal Date: 14-Mar-2025,WT117, Woodroffe
Full-stack Cloud-native Development,2025-02-11,16:00,2025-02-11,18:00,Course Code: CST8915 | Section: 010 | Delivery: Theory | Professor: Ramy Mohamed | Academic Penalty Withdrawal Date: 14-Mar-2025,WT117, Woodroffe
Full-stack Cloud-native Development,2025-02-18,16:00,2025-02-18,18:00,Course Code: CST8915 | Section: 010 | Delivery: Theory | Professor: Ramy Mohamed | Academic Penalty Withdrawal Date: 14-Mar-2025,WT117, Woodroffe
Full-stack Cloud-native Development,2025-02-25,16:00,2025-02-25,18:00,Course Code: CST8915 | Section: 010 | Delivery: Theory | Professor: Ramy Mohamed | Academic Penalty Withdrawal Date: 14-Mar-2025,WT117, Woodroffe
Full-stack Cloud-native Development,2025-03-04,16:00,2025-03-04,18:00,Course Code: CST8915 | Section: 010 | Delivery: Theory | Professor: Ramy Mohamed | Academic Penalty Withdrawal Date: 14-Mar-2025,WT117, Woodroffe
Full-stack Cloud-native Development,2025-03-11,16:00,2025-03-11,18:00,Course Code: CST8915 | Section: 010 | Delivery: Theory | Professor: Ramy Mohamed | Academic Penalty Withdrawal Date: 14-Mar-2025,WT117, Woodroffe
Full-stack Cloud-native Development,2025-03-18,16:00,2025-03-18,18:00,Course Code: CST8915 | Section: 010 | Delivery: Theory | Professor: Ramy Mohamed | Academic Penalty Withdrawal Date: 14-Mar-2025,WT117, Woodroffe
Full-stack Cloud-native Development,2025-03-25,16:00,2025-03-25,18:00,Course Code: CST8915 | Section: 010 | Delivery: Theory | Professor: Ramy Mohamed | Academic Penalty Withdrawal Date: 14-Mar-2025,WT117, Woodroffe
Full-stack Cloud-native Development,2025-04-01,16:00,2025-04-01,18:00,Course Code: CST8915 | Section: 010 | Delivery: Theory | Professor: Ramy Mohamed | Academic Penalty Withdrawal Date: 14-Mar-2025,WT117, Woodroffe
Full-stack Cloud-native Development,2025-04-08,16:00,2025-04-08,18:00,Course Code: CST8915 | Section: 010 | Delivery: Theory | Professor: Ramy Mohamed | Academic Penalty Withdrawal Date: 14-Mar-2025,WT117, Woodroffe
Full-stack Cloud-native Development,2025-01-07,16:00,2025-01-07,18:00,Course Code: CST8915 | Section: 010 | Delivery: Theory | Professor: Ramy Mohamed | Academic Penalty Withdrawal Date: 14-Mar-2025,WT117, Woodroffe
Full-stack Cloud-native Development,2025-01-14,16:00,2025-01-14,18:00,Course Code: CST8915 | Section: 010 | Delivery: Theory | Professor: Ramy Mohamed | Academic Penalty Withdrawal Date: 14-Mar-2025,WT117, Woodroffe
Full-stack Cloud-native Development,2025-01-21,16:00,2025-01-21,18:00,Course Code: CST8915 | Section: 010 | Delivery: Theory | Professor: Ramy Mohamed | Academic Penalty Withdrawal Date: 14-Mar-2025,WT117, Woodroffe
Full-stack Cloud-native Development,2025-01-28,16:00,2025-01-28,18:00,Course Code: CST8915 | Section: 010 | Delivery: Theory | Professor: Ramy Mohamed | Academic Penalty Withdrawal Date: 14-Mar-2025,WT117, Woodroffe
Full-stack Cloud-native Development,2025-02-04,16:00,2025-02-04,18:00,Course Code: CST8915 | Section: 010 | Delivery: Theory | Professor: Ramy Mohamed | Academic Penalty Withdrawal Date: 14-Mar-2025,WT117, Woodroffe
Full-stack Cloud-native Development,2025-02-11,16:00,2025-02-11,18:00,Course Code: CST8915 | Section: 010 | Delivery: Theory | Professor: Ramy Mohamed | Academic Penalty Withdrawal Date: 14-Mar-2025,WT117, Woodroffe
Full-stack Cloud-native Development,2025-02-18,16:00,2025-02-18,18:00,Course Code: CST8915 | Section: 010 | Delivery: Theory | Professor: Ramy Mohamed | Academic Penalty Withdrawal Date: 14-Mar-2025,WT117, Woodroffe
Full-stack Cloud-native Development,2025-02-25,16:00,2025-02-25,18:00,Course Code: CST8915 | Section: 010 | Delivery: Theory | Professor: Ramy Mohamed | Academic Penalty Withdrawal Date: 14-Mar-2025,WT117, Woodroffe
Full-stack Cloud-native Development,2025-03-04,16:00,2025-03-04,18:00,Course Code: CST8915 | Section: 010 | Delivery: Theory | Professor: Ramy Mohamed | Academic Penalty Withdrawal Date: 14-Mar-2025,WT117, Woodroffe
Full-stack Cloud-native Development,2025-03-11,16:00,2025-03-11,18:00,Course Code: CST8915 | Section: 010 | Delivery: Theory | Professor: Ramy Mohamed | Academic Penalty Withdrawal Date: 14-Mar-2025,WT117, Woodroffe
Full-stack Cloud-native Development,2025-03-18,16:00,2025-03-18,18:00,Course Code: CST8915 | Section: 010 | Delivery: Theory | Professor: Ramy Mohamed | Academic Penalty Withdrawal Date: 14-Mar-2025,WT117, Woodroffe
Full-stack Cloud-native Development,2025-03-25,16:00,2025-03-25,18:00,Course Code: CST8915 | Section: 010 | Delivery: Theory | Professor: Ramy Mohamed | Academic Penalty Withdrawal Date: 14-Mar-2025,WT117, Woodroffe
Full-stack Cloud-native Development,2025-04-01,16:00,2025-04-01,18:00,Course Code: CST8915 | Section: 010 | Delivery: Theory | Professor: Ramy Mohamed | Academic Penalty Withdrawal Date: 14-Mar-2025,WT117, Woodroffe
Full-stack Cloud-native Development,2025-04-08,16:00,2025-04-08,18:00,Course Code: CST8915 | Section: 010 | Delivery: Theory | Professor: Ramy Mohamed | Academic Penalty Withdrawal Date: 14-Mar-2025,WT117, Woodroffe
Full-stack Cloud-native Development,2025-01-07,16:00,2025-01-07,18:00,Course Code: CST8915 | Section: 010 | Delivery: Theory | Professor: Ramy Mohamed | Academic Penalty Withdrawal Date: 14-Mar-2025,WT117, Woodroffe
Full-stack Cloud-native Development,2025-01-14,16:00,2025-01-14,18:00,Course Code: CST8915 | Section: 010 | Delivery: Theory | Professor: Ramy Mohamed | Academic Penalty Withdrawal Date: 14-Mar-2025,WT117, Woodroffe
Full-stack Cloud-native Development,2025-01-21,16:00,2025-01-21,18:00,Course Code: CST8915 | Section: 010 | Delivery: Theory | Professor: Ramy Mohamed | Academic Penalty Withdrawal Date: 14-Mar-2025,WT117, Woodroffe
Full-stack Cloud-native Development,2025-01-28,16:00,2025-01-28,18:00,Course Code: CST8915 | Section: 010 | Delivery: Theory | Professor: Ramy Mohamed | Academic Penalty Withdrawal Date: 14-Mar-2025,WT117, Woodroffe
Full-stack Cloud-native Development,2025-02-04,16:00,2025-02-04,18:00,Course Code: CST8915 | Section: 010 | Delivery: Theory | Professor: Ramy Mohamed | Academic Penalty Withdrawal Date: 14-Mar-2025,WT117, Woodroffe
Full-stack Cloud-native Development,2025-02-11,16:00,2025-02-11,18:00,Course Code: CST8915 | Section: 010 | Delivery: Theory | Professor: Ramy Mohamed | Academic Penalty Withdrawal Date: 14-Mar-2025,WT117, Woodroffe
Full-stack Cloud-native Development,2025-02-18,16:00,2025-02-18,18:00,Course Code: CST8915 | Section: 010 | Delivery: Theory | Professor: Ramy Mohamed | Academic Penalty Withdrawal Date: 14-Mar-2025,WT117, Woodroffe
Full-stack Cloud-native Development,2025-02-25,16:00,2025-02-25,18:00,Course Code: CST8915 | Section: 010 | Delivery: Theory | Professor: Ramy Mohamed | Academic Penalty Withdrawal Date: 14-Mar-2025,WT117, Woodroffe
Full-stack Cloud-native Development,2025-03-04,16:00,2025-03-04,18:00,Course Code: CST8915 | Section: 010 | Delivery: Theory | Professor: Ramy Mohamed | Academic Penalty Withdrawal Date: 14-Mar-2025,WT117, Woodroffe
Full-stack Cloud-native Development,2025-03-11,16:00,2025-03-11,18:00,Course Code: CST8915 | Section: 010 | Delivery: Theory | Professor: Ramy Mohamed | Academic Penalty Withdrawal Date: 14-Mar-2025,WT117, Woodroffe
Full-stack Cloud-native Development,2025-03-18,16:00,2025-03-18,18:00,Course Code: CST8915 | Section: 010 | Delivery: Theory | Professor: Ramy Mohamed | Academic Penalty Withdrawal Date: 14-Mar-2025,WT117, Woodroffe
Full-stack Cloud-native Development,2025-03-25,16:00,2025-03-25,18:00,Course Code: CST8915 | Section: 010 | Delivery: Theory | Professor: Ramy Mohamed | Academic Penalty Withdrawal Date: 14-Mar-2025,WT117, Woodroffe
Full-stack Cloud-native Development,2025-04-01,16:00,2025-04-01,18:00,Course Code: CST8915 | Section: 010 | Delivery: Theory | Professor: Ramy Mohamed | Academic Penalty Withdrawal Date: 14-Mar-2025,WT117, Woodroffe
Full-stack Cloud-native Development,2025-04-08,16:00,2025-04-08,18:00,Course Code: CST8915 | Section: 010 | Delivery: Theory | Professor: Ramy Mohamed | Academic Penalty Withdrawal Date: 14-Mar-2025,WT117, Woodroffe
Accessible by Design,2025-01-07,18:00,2025-01-07,20:00,Course Code: CST8914 | Section: 010 | Delivery: Theory | Professor: Toufic Sbeiti | Academic Penalty Withdrawal Date: 14-Mar-2025,WT303, Woodroffe
Accessible by Design,2025-01-14,18:00,2025-01-14,20:00,Course Code: CST8914 | Section: 010 | Delivery: Theory | Professor: Toufic Sbeiti | Academic Penalty Withdrawal Date: 14-Mar-2025,WT303, Woodroffe
Accessible by Design,2025-01-21,18:00,2025-01-21,20:00,Course Code: CST8914 | Section: 010 | Delivery: Theory | Professor: Toufic Sbeiti | Academic Penalty Withdrawal Date: 14-Mar-2025,WT303, Woodroffe
Accessible by Design,2025-01-28,18:00,2025-01-28,20:00,Course Code: CST8914 | Section: 010 | Delivery: Theory | Professor: Toufic Sbeiti | Academic Penalty Withdrawal Date: 14-Mar-2025,WT303, Woodroffe
Accessible by Design,2025-02-04,18:00,2025-02-04,20:00,Course Code: CST8914 | Section: 010 | Delivery: Theory | Professor: Toufic Sbeiti | Academic Penalty Withdrawal Date: 14-Mar-2025,WT303, Woodroffe
Accessible by Design,2025-02-11,18:00,2025-02-11,20:00,Course Code: CST8914 | Section: 010 | Delivery: Theory | Professor: Toufic Sbeiti | Academic Penalty Withdrawal Date: 14-Mar-2025,WT303, Woodroffe
Accessible by Design,2025-02-18,18:00,2025-02-18,20:00,Course Code: CST8914 | Section: 010 | Delivery: Theory | Professor: Toufic Sbeiti | Academic Penalty Withdrawal Date: 14-Mar-2025,WT303, Woodroffe
Accessible by Design,2025-02-25,18:00,2025-02-25,20:00,Course Code: CST8914 | Section: 010 | Delivery: Theory | Professor: Toufic Sbeiti | Academic Penalty Withdrawal Date: 14-Mar-2025,WT303, Woodroffe
Accessible by Design,2025-03-04,18:00,2025-03-04,20:00,Course Code: CST8914 | Section: 010 | Delivery: Theory | Professor: Toufic Sbeiti | Academic Penalty Withdrawal Date: 14-Mar-2025,WT303, Woodroffe
Accessible by Design,2025-03-11,18:00,2025-03-11,20:00,Course Code: CST8914 | Section: 010 | Delivery: Theory | Professor: Toufic Sbeiti | Academic Penalty Withdrawal Date: 14-Mar-2025,WT303, Woodroffe
Accessible by Design,2025-03-18,18:00,2025-03-18,20:00,Course Code: CST8914 | Section: 010 | Delivery: Theory | Professor: Toufic Sbeiti | Academic Penalty Withdrawal Date: 14-Mar-2025,WT303, Woodroffe
Accessible by Design,2025-03-25,18:00,2025-03-25,20:00,Course Code: CST8914 | Section: 010 | Delivery: Theory | Professor: Toufic Sbeiti | Academic Penalty Withdrawal Date: 14-Mar-2025,WT303, Woodroffe
Accessible by Design,2025-04-01,18:00,2025-04-01,20:00,Course Code: CST8914 | Section: 010 | Delivery: Theory | Professor: Toufic Sbeiti | Academic Penalty Withdrawal Date: 14-Mar-2025,WT303, Woodroffe
Accessible by Design,2025-04-08,18:00,2025-04-08,20:00,Course Code: CST8914 | Section: 010 | Delivery: Theory | Professor: Toufic Sbeiti | Academic Penalty Withdrawal Date: 14-Mar-2025,WT303, Woodroffe
Accessible by Design,2025-01-07,18:00,2025-01-07,20:00,Course Code: CST8914 | Section: 010 | Delivery: Theory | Professor: Toufic Sbeiti | Academic Penalty Withdrawal Date: 14-Mar-2025,WT303, Woodroffe
Accessible by Design,2025-01-14,18:00,2025-01-14,20:00,Course Code: CST8914 | Section: 010 | Delivery: Theory | Professor: Toufic Sbeiti | Academic Penalty Withdrawal Date: 14-Mar-2025,WT303, Woodroffe
Accessible by Design,2025-01-21,18:00,2025-01-21,20:00,Course Code: CST8914 | Section: 010 | Delivery: Theory | Professor: Toufic Sbeiti | Academic Penalty Withdrawal Date: 14-Mar-2025,WT303, Woodroffe
Accessible by Design,2025-01-28,18:00,2025-01-28,20:00,Course Code: CST8914 | Section: 010 | Delivery: Theory | Professor: Toufic Sbeiti | Academic Penalty Withdrawal Date: 14-Mar-2025,WT303, Woodroffe
Accessible by Design,2025-02-04,18:00,2025-02-04,20:00,Course Code: CST8914 | Section: 010 | Delivery: Theory | Professor: Toufic Sbeiti | Academic Penalty Withdrawal Date: 14-Mar-2025,WT303, Woodroffe
Accessible by Design,2025-02-11,18:00,2025-02-11,20:00,Course Code: CST8914 | Section: 010 | Delivery: Theory | Professor: Toufic Sbeiti | Academic Penalty Withdrawal Date: 14-Mar-2025,WT303, Woodroffe
Accessible by Design,2025-02-18,18:00,2025-02-18,20:00,Course Code: CST8914 | Section: 010 | Delivery: Theory | Professor: Toufic Sbeiti | Academic Penalty Withdrawal Date: 14-Mar-2025,WT303, Woodroffe
Accessible by Design,2025-02-25,18:00,2025-02-25,20:00,Course Code: CST8914 | Section: 010 | Delivery: Theory | Professor: Toufic Sbeiti | Academic Penalty Withdrawal Date: 14-Mar-2025,WT303, Woodroffe
Accessible by Design,2025-03-04,18:00,2025-03-04,20:00,Course Code: CST8914 | Section: 010 | Delivery: Theory | Professor: Toufic Sbeiti | Academic Penalty Withdrawal Date: 14-Mar-2025,WT303, Woodroffe
Accessible by Design,2025-03-11,18:00,2025-03-11,20:00,Course Code: CST8914 | Section: 010 | Delivery: Theory | Professor: Toufic Sbeiti | Academic Penalty Withdrawal Date: 14-Mar-2025,WT303, Woodroffe
Accessible by Design,2025-03-18,18:00,2025-03-18,20:00,Course Code: CST8914 | Section: 010 | Delivery: Theory | Professor: Toufic Sbeiti | Academic Penalty Withdrawal Date: 14-Mar-2025,WT303, Woodroffe
Accessible by Design,2025-03-25,18:00,2025-03-25,20:00,Course Code: CST8914 | Section: 010 | Delivery: Theory | Professor: Toufic Sbeiti | Academic Penalty Withdrawal Date: 14-Mar-2025,WT303, Woodroffe
Accessible by Design,2025-04-01,18:00,2025-04-01,20:00,Course Code: CST8914 | Section: 010 | Delivery: Theory | Professor: Toufic Sbeiti | Academic Penalty Withdrawal Date: 14-Mar-2025,WT303, Woodroffe
Accessible by Design,2025-04-08,18:00,2025-04-08,20:00,Course Code: CST8914 | Section: 010 | Delivery: Theory | Professor: Toufic Sbeiti | Academic Penalty Withdrawal Date: 14-Mar-2025,WT303, Woodroffe
Accessible by Design,2025-01-07,18:00,2025-01-07,20:00,Course Code: CST8914 | Section: 010 | Delivery: Theory | Professor: Toufic Sbeiti | Academic Penalty Withdrawal Date: 14-Mar-2025,WT303, Woodroffe
Accessible by Design,2025-01-14,18:00,2025-01-14,20:00,Course Code: CST8914 | Section: 010 | Delivery: Theory | Professor: Toufic Sbeiti | Academic Penalty Withdrawal Date: 14-Mar-2025,WT303, Woodroffe
Accessible by Design,2025-01-21,18:00,2025-01-21,20:00,Course Code: CST8914 | Section: 010 | Delivery: Theory | Professor: Toufic Sbeiti | Academic Penalty Withdrawal Date: 14-Mar-2025,WT303, Woodroffe
Accessible by Design,2025-01-28,18:00,2025-01-28,20:00,Course Code: CST8914 | Section: 010 | Delivery: Theory | Professor: Toufic Sbeiti | Academic Penalty Withdrawal Date: 14-Mar-2025,WT303, Woodroffe
Accessible by Design,2025-02-04,18:00,2025-02-04,20:00,Course Code: CST8914 | Section: 010 | Delivery: Theory | Professor: Toufic Sbeiti | Academic Penalty Withdrawal Date: 14-Mar-2025,WT303, Woodroffe
Accessible by Design,2025-02-11,18:00,2025-02-11,20:00,Course Code: CST8914 | Section: 010 | Delivery: Theory | Professor: Toufic Sbeiti | Academic Penalty Withdrawal Date: 14-Mar-2025,WT303, Woodroffe
Accessible by Design,2025-02-18,18:00,2025-02-18,20:00,Course Code: CST8914 | Section: 010 | Delivery: Theory | Professor: Toufic Sbeiti | Academic Penalty Withdrawal Date: 14-Mar-2025,WT303, Woodroffe
Accessible by Design,2025-02-25,18:00,2025-02-25,20:00,Course Code: CST8914 | Section: 010 | Delivery: Theory | Professor: Toufic Sbeiti | Academic Penalty Withdrawal Date: 14-Mar-2025,WT303, Woodroffe
Accessible by Design,2025-03-04,18:00,2025-03-04,20:00,Course Code: CST8914 | Section: 010 | Delivery: Theory | Professor: Toufic Sbeiti | Academic Penalty Withdrawal Date: 14-Mar-2025,WT303, Woodroffe
Accessible by Design,2025-03-11,18:00,2025-03-11,20:00,Course Code: CST8914 | Section: 010 | Delivery: Theory | Professor: Toufic Sbeiti | Academic Penalty Withdrawal Date: 14-Mar-2025,WT303, Woodroffe
Accessible by Design,2025-03-18,18:00,2025-03-18,20:00,Course Code: CST8914 | Section: 010 | Delivery: Theory | Professor: Toufic Sbeiti | Academic Penalty Withdrawal Date: 14-Mar-2025,WT303, Woodroffe
Accessible by Design,2025-03-25,18:00,2025-03-25,20:00,Course Code: CST8914 | Section: 010 | Delivery: Theory | Professor: Toufic Sbeiti | Academic Penalty Withdrawal Date: 14-Mar-2025,WT303, Woodroffe
Accessible by Design,2025-04-01,18:00,2025-04-01,20:00,Course Code: CST8914 | Section: 010 | Delivery: Theory | Professor: Toufic Sbeiti | Academic Penalty Withdrawal Date: 14-Mar-2025,WT303, Woodroffe
Accessible by Design,2025-04-08,18:00,2025-04-08,20:00,Course Code: CST8914 | Section: 010 | Delivery: Theory | Professor: Toufic Sbeiti | Academic Penalty Withdrawal Date: 14-Mar-2025,WT303, Woodroffe
Accessible by Design,2025-01-07,20:00,2025-01-07,21:00,Course Code: CST8914 | Section: 011 | Delivery: Lab | Professor: Toufic Sbeiti | Academic Penalty Withdrawal Date: 14-Mar-2025,WT303, Woodroffe
Accessible by Design,2025-01-14,20:00,2025-01-14,21:00,Course Code: CST8914 | Section: 011 | Delivery: Lab | Professor: Toufic Sbeiti | Academic Penalty Withdrawal Date: 14-Mar-2025,WT303, Woodroffe
Accessible by Design,2025-01-21,20:00,2025-01-21,21:00,Course Code: CST8914 | Section: 011 | Delivery: Lab | Professor: Toufic Sbeiti | Academic Penalty Withdrawal Date: 14-Mar-2025,WT303, Woodroffe
Accessible by Design,2025-01-28,20:00,2025-01-28,21:00,Course Code: CST8914 | Section: 011 | Delivery: Lab | Professor: Toufic Sbeiti | Academic Penalty Withdrawal Date: 14-Mar-2025,WT303, Woodroffe
Accessible by Design,2025-02-04,20:00,2025-02-04,21:00,Course Code: CST8914 | Section: 011 | Delivery: Lab | Professor: Toufic Sbeiti | Academic Penalty Withdrawal Date: 14-Mar-2025,WT303, Woodroffe
Accessible by Design,2025-02-11,20:00,2025-02-11,21:00,Course Code: CST8914 | Section: 011 | Delivery: Lab | Professor: Toufic Sbeiti | Academic Penalty Withdrawal Date: 14-Mar-2025,WT303, Woodroffe
Accessible by Design,2025-02-18,20:00,2025-02-18,21:00,Course Code: CST8914 | Section: 011 | Delivery: Lab | Professor: Toufic Sbeiti | Academic Penalty Withdrawal Date: 14-Mar-2025,WT303, Woodroffe
Accessible by Design,2025-02-25,20:00,2025-02-25,21:00,Course Code: CST8914 | Section: 011 | Delivery: Lab | Professor: Toufic Sbeiti | Academic Penalty Withdrawal Date: 14-Mar-2025,WT303, Woodroffe
Accessible by Design,2025-03-04,20:00,2025-03-04,21:00,Course Code: CST8914 | Section: 011 | Delivery: Lab | Professor: Toufic Sbeiti | Academic Penalty Withdrawal Date: 14-Mar-2025,WT303, Woodroffe
Accessible by Design,2025-03-11,20:00,2025-03-11,21:00,Course Code: CST8914 | Section: 011 | Delivery: Lab | Professor: Toufic Sbeiti | Academic Penalty Withdrawal Date: 14-Mar-2025,WT303, Woodroffe
Accessible by Design,2025-03-18,20:00,2025-03-18,21:00,Course Code: CST8914 | Section: 011 | Delivery: Lab | Professor: Toufic Sbeiti | Academic Penalty Withdrawal Date: 14-Mar-2025,WT303, Woodroffe
Accessible by Design,2025-03-25,20:00,2025-03-25,21:00,Course Code: CST8914 | Section: 011 | Delivery: Lab | Professor: Toufic Sbeiti | Academic Penalty Withdrawal Date: 14-Mar-2025,WT303, Woodroffe
Accessible by Design,2025-04-01,20:00,2025-04-01,21:00,Course Code: CST8914 | Section: 011 | Delivery: Lab | Professor: Toufic Sbeiti | Academic Penalty Withdrawal Date: 14-Mar-2025,WT303, Woodroffe
Accessible by Design,2025-04-08,20:00,2025-04-08,21:00,Course Code: CST8914 | Section: 011 | Delivery: Lab | Professor: Toufic Sbeiti | Academic Penalty Withdrawal Date: 14-Mar-2025,WT303, Woodroffe
Accessible by Design,2025-01-07,20:00,2025-01-07,21:00,Course Code: CST8914 | Section: 011 | Delivery: Lab | Professor: Toufic Sbeiti | Academic Penalty Withdrawal Date: 14-Mar-2025,WT303, Woodroffe
Accessible by Design,2025-01-14,20:00,2025-01-14,21:00,Course Code: CST8914 | Section: 011 | Delivery: Lab | Professor: Toufic Sbeiti | Academic Penalty Withdrawal Date: 14-Mar-2025,WT303, Woodroffe
Accessible by Design,2025-01-21,20:00,2025-01-21,21:00,Course Code: CST8914 | Section: 011 | Delivery: Lab | Professor: Toufic Sbeiti | Academic Penalty Withdrawal Date: 14-Mar-2025,WT303, Woodroffe
Accessible by Design,2025-01-28,20:00,2025-01-28,21:00,Course Code: CST8914 | Section: 011 | Delivery: Lab | Professor: Toufic Sbeiti | Academic Penalty Withdrawal Date: 14-Mar-2025,WT303, Woodroffe
Accessible by Design,2025-02-04,20:00,2025-02-04,21:00,Course Code: CST8914 | Section: 011 | Delivery: Lab | Professor: Toufic Sbeiti | Academic Penalty Withdrawal Date: 14-Mar-2025,WT303, Woodroffe
Accessible by Design,2025-02-11,20:00,2025-02-11,21:00,Course Code: CST8914 | Section: 011 | Delivery: Lab | Professor: Toufic Sbeiti | Academic Penalty Withdrawal Date: 14-Mar-2025,WT303, Woodroffe
Accessible by Design,2025-02-18,20:00,2025-02-18,21:00,Course Code: CST8914 | Section: 011 | Delivery: Lab | Professor: Toufic Sbeiti | Academic Penalty Withdrawal Date: 14-Mar-2025,WT303, Woodroffe
Accessible by Design,2025-02-25,20:00,2025-02-25,21:00,Course Code: CST8914 | Section: 011 | Delivery: Lab | Professor: Toufic Sbeiti | Academic Penalty Withdrawal Date: 14-Mar-2025,WT303, Woodroffe
Accessible by Design,2025-03-04,20:00,2025-03-04,21:00,Course Code: CST8914 | Section: 011 | Delivery: Lab | Professor: Toufic Sbeiti | Academic Penalty Withdrawal Date: 14-Mar-2025,WT303, Woodroffe
Accessible by Design,2025-03-11,20:00,2025-03-11,21:00,Course Code: CST8914 | Section: 011 | Delivery: Lab | Professor: Toufic Sbeiti | Academic Penalty Withdrawal Date: 14-Mar-2025,WT303, Woodroffe
Accessible by Design,2025-03-18,20:00,2025-03-18,21:00,Course Code: CST8914 | Section: 011 | Delivery: Lab | Professor: Toufic Sbeiti | Academic Penalty Withdrawal Date: 14-Mar-2025,WT303, Woodroffe
Accessible by Design,2025-03-25,20:00,2025-03-25,21:00,Course Code: CST8914 | Section: 011 | Delivery: Lab | Professor: Toufic Sbeiti | Academic Penalty Withdrawal Date: 14-Mar-2025,WT303, Woodroffe
Accessible by Design,2025-04-01,20:00,2025-04-01,21:00,Course Code: CST8914 | Section: 011 | Delivery: Lab | Professor: Toufic Sbeiti | Academic Penalty Withdrawal Date: 14-Mar-2025,WT303, Woodroffe
Accessible by Design,2025-04-08,20:00,2025-04-08,21:00,Course Code: CST8914 | Section: 011 | Delivery: Lab | Professor: Toufic Sbeiti | Academic Penalty Withdrawal Date: 14-Mar-2025,WT303, Woodroffe
Accessible by Design,2025-01-07,20:00,2025-01-07,21:00,Course Code: CST8914 | Section: 011 | Delivery: Lab | Professor: Toufic Sbeiti | Academic Penalty Withdrawal Date: 14-Mar-2025,WT303, Woodroffe
Accessible by Design,2025-01-14,20:00,2025-01-14,21:00,Course Code: CST8914 | Section: 011 | Delivery: Lab | Professor: Toufic Sbeiti | Academic Penalty Withdrawal Date: 14-Mar-2025,WT303, Woodroffe
Accessible by Design,2025-01-21,20:00,2025-01-21,21:00,Course Code: CST8914 | Section: 011 | Delivery: Lab | Professor: Toufic Sbeiti | Academic Penalty Withdrawal Date: 14-Mar-2025,WT303, Woodroffe
Accessible by Design,2025-01-28,20:00,2025-01-28,21:00,Course Code: CST8914 | Section: 011 | Delivery: Lab | Professor: Toufic Sbeiti | Academic Penalty Withdrawal Date: 14-Mar-2025,WT303, Woodroffe
Accessible by Design,2025-02-04,20:00,2025-02-04,21:00,Course Code: CST8914 | Section: 011 | Delivery: Lab | Professor: Toufic Sbeiti | Academic Penalty Withdrawal Date: 14-Mar-2025,WT303, Woodroffe
Accessible by Design,2025-02-11,20:00,2025-02-11,21:00,Course Code: CST8914 | Section: 011 | Delivery: Lab | Professor: Toufic Sbeiti | Academic Penalty Withdrawal Date: 14-Mar-2025,WT303, Woodroffe
Accessible by Design,2025-02-18,20:00,2025-02-18,21:00,Course Code: CST8914 | Section: 011 | Delivery: Lab | Professor: Toufic Sbeiti | Academic Penalty Withdrawal Date: 14-Mar-2025,WT303, Woodroffe
Accessible by Design,2025-02-25,20:00,2025-02-25,21:00,Course Code: CST8914 | Section: 011 | Delivery: Lab | Professor: Toufic Sbeiti | Academic Penalty Withdrawal Date: 14-Mar-2025,WT303, Woodroffe
Accessible by Design,2025-03-04,20:00,2025-03-04,21:00,Course Code: CST8914 | Section: 011 | Delivery: Lab | Professor: Toufic Sbeiti | Academic Penalty Withdrawal Date: 14-Mar-2025,WT303, Woodroffe
Accessible by Design,2025-03-11,20:00,2025-03-11,21:00,Course Code: CST8914 | Section: 011 | Delivery: Lab | Professor: Toufic Sbeiti | Academic Penalty Withdrawal Date: 14-Mar-2025,WT303, Woodroffe
Accessible by Design,2025-03-18,20:00,2025-03-18,21:00,Course Code: CST8914 | Section: 011 | Delivery: Lab | Professor: Toufic Sbeiti | Academic Penalty Withdrawal Date: 14-Mar-2025,WT303, Woodroffe
Accessible by Design,2025-03-25,20:00,2025-03-25,21:00,Course Code: CST8914 | Section: 011 | Delivery: Lab | Professor: Toufic Sbeiti | Academic Penalty Withdrawal Date: 14-Mar-2025,WT303, Woodroffe
Accessible by Design,2025-04-01,20:00,2025-04-01,21:00,Course Code: CST8914 | Section: 011 | Delivery: Lab | Professor: Toufic Sbeiti | Academic Penalty Withdrawal Date: 14-Mar-2025,WT303, Woodroffe
Accessible by Design,2025-04-08,20:00,2025-04-08,21:00,Course Code: CST8914 | Section: 011 | Delivery: Lab | Professor: Toufic Sbeiti | Academic Penalty Withdrawal Date: 14-Mar-2025,WT303, Woodroffe
Remote Data and Real-time Applications,2025-01-08,16:00,2025-01-08,18:00,Course Code: CST8916 | Section: 300 | Delivery: Theory | Professor: Ramy Mohamed | Academic Penalty Withdrawal Date: 14-Mar-2025,WB170, Woodroffe
Remote Data and Real-time Applications,2025-01-15,16:00,2025-01-15,18:00,Course Code: CST8916 | Section: 300 | Delivery: Theory | Professor: Ramy Mohamed | Academic Penalty Withdrawal Date: 14-Mar-2025,WB170, Woodroffe
Remote Data and Real-time Applications,2025-01-22,16:00,2025-01-22,18:00,Course Code: CST8916 | Section: 300 | Delivery: Theory | Professor: Ramy Mohamed | Academic Penalty Withdrawal Date: 14-Mar-2025,WB170, Woodroffe
Remote Data and Real-time Applications,2025-01-29,16:00,2025-01-29,18:00,Course Code: CST8916 | Section: 300 | Delivery: Theory | Professor: Ramy Mohamed | Academic Penalty Withdrawal Date: 14-Mar-2025,WB170, Woodroffe
Remote Data and Real-time Applications,2025-02-05,16:00,2025-02-05,18:00,Course Code: CST8916 | Section: 300 | Delivery: Theory | Professor: Ramy Mohamed | Academic Penalty Withdrawal Date: 14-Mar-2025,WB170, Woodroffe
Remote Data and Real-time Applications,2025-02-12,16:00,2025-02-12,18:00,Course Code: CST8916 | Section: 300 | Delivery: Theory | Professor: Ramy Mohamed | Academic Penalty Withdrawal Date: 14-Mar-2025,WB170, Woodroffe
Remote Data and Real-time Applications,2025-02-19,16:00,2025-02-19,18:00,Course Code: CST8916 | Section: 300 | Delivery: Theory | Professor: Ramy Mohamed | Academic Penalty Withdrawal Date: 14-Mar-2025,WB170, Woodroffe
Remote Data and Real-time Applications,2025-02-26,16:00,2025-02-26,18:00,Course Code: CST8916 | Section: 300 | Delivery: Theory | Professor: Ramy Mohamed | Academic Penalty Withdrawal Date: 14-Mar-2025,WB170, Woodroffe
Remote Data and Real-time Applications,2025-03-05,16:00,2025-03-05,18:00,Course Code: CST8916 | Section: 300 | Delivery: Theory | Professor: Ramy Mohamed | Academic Penalty Withdrawal Date: 14-Mar-2025,WB170, Woodroffe
Remote Data and Real-time Applications,2025-03-12,16:00,2025-03-12,18:00,Course Code: CST8916 | Section: 300 | Delivery: Theory | Professor: Ramy Mohamed | Academic Penalty Withdrawal Date: 14-Mar-2025,WB170, Woodroffe
Remote Data and Real-time Applications,2025-03-19,16:00,2025-03-19,18:00,Course Code: CST8916 | Section: 300 | Delivery: Theory | Professor: Ramy Mohamed | Academic Penalty Withdrawal Date: 14-Mar-2025,WB170, Woodroffe
Remote Data and Real-time Applications,2025-03-26,16:00,2025-03-26,18:00,Course Code: CST8916 | Section: 300 | Delivery: Theory | Professor: Ramy Mohamed | Academic Penalty Withdrawal Date: 14-Mar-2025,WB170, Woodroffe
Remote Data and Real-time Applications,2025-04-02,16:00,2025-04-02,18:00,Course Code: CST8916 | Section: 300 | Delivery: Theory | Professor: Ramy Mohamed | Academic Penalty Withdrawal Date: 14-Mar-2025,WB170, Woodroffe
Remote Data and Real-time Applications,2025-04-09,16:00,2025-04-09,18:00,Course Code: CST8916 | Section: 300 | Delivery: Theory | Professor: Ramy Mohamed | Academic Penalty Withdrawal Date: 14-Mar-2025,WB170, Woodroffe
Remote Data and Real-time Applications,2025-01-08,16:00,2025-01-08,18:00,Course Code: CST8916 | Section: 300 | Delivery: Theory | Professor: Ramy Mohamed | Academic Penalty Withdrawal Date: 14-Mar-2025,WB170, Woodroffe
Remote Data and Real-time Applications,2025-01-15,16:00,2025-01-15,18:00,Course Code: CST8916 | Section: 300 | Delivery: Theory | Professor: Ramy Mohamed | Academic Penalty Withdrawal Date: 14-Mar-2025,WB170, Woodroffe
Remote Data and Real-time Applications,2025-01-22,16:00,2025-01-22,18:00,Course Code: CST8916 | Section: 300 | Delivery: Theory | Professor: Ramy Mohamed | Academic Penalty Withdrawal Date: 14-Mar-2025,WB170, Woodroffe
Remote Data and Real-time Applications,2025-01-29,16:00,2025-01-29,18:00,Course Code: CST8916 | Section: 300 | Delivery: Theory | Professor: Ramy Mohamed | Academic Penalty Withdrawal Date: 14-Mar-2025,WB170, Woodroffe
Remote Data and Real-time Applications,2025-02-05,16:00,2025-02-05,18:00,Course Code: CST8916 | Section: 300 | Delivery: Theory | Professor: Ramy Mohamed | Academic Penalty Withdrawal Date: 14-Mar-2025,WB170, Woodroffe
Remote Data and Real-time Applications,2025-02-12,16:00,2025-02-12,18:00,Course Code: CST8916 | Section: 300 | Delivery: Theory | Professor: Ramy Mohamed | Academic Penalty Withdrawal Date: 14-Mar-2025,WB170, Woodroffe
Remote Data and Real-time Applications,2025-02-19,16:00,2025-02-19,18:00,Course Code: CST8916 | Section: 300 | Delivery: Theory | Professor: Ramy Mohamed | Academic Penalty Withdrawal Date: 14-Mar-2025,WB170, Woodroffe
Remote Data and Real-time Applications,2025-02-26,16:00,2025-02-26,18:00,Course Code: CST8916 | Section: 300 | Delivery: Theory | Professor: Ramy Mohamed | Academic Penalty Withdrawal Date: 14-Mar-2025,WB170, Woodroffe
Remote Data and Real-time Applications,2025-03-05,16:00,2025-03-05,18:00,Course Code: CST8916 | Section: 300 | Delivery: Theory | Professor: Ramy Mohamed | Academic Penalty Withdrawal Date: 14-Mar-2025,WB170, Woodroffe
Remote Data and Real-time Applications,2025-03-12,16:00,2025-03-12,18:00,Course Code: CST8916 | Section: 300 | Delivery: Theory | Professor: Ramy Mohamed | Academic Penalty Withdrawal Date: 14-Mar-2025,WB170, Woodroffe
Remote Data and Real-time Applications,2025-03-19,16:00,2025-03-19,18:00,Course Code: CST8916 | Section: 300 | Delivery: Theory | Professor: Ramy Mohamed | Academic Penalty Withdrawal Date: 14-Mar-2025,WB170, Woodroffe
Remote Data and Real-time Applications,2025-03-26,16:00,2025-03-26,18:00,Course Code: CST8916 | Section: 300 | Delivery: Theory | Professor: Ramy Mohamed | Academic Penalty Withdrawal Date: 14-Mar-2025,WB170, Woodroffe
Remote Data and Real-time Applications,2025-04-02,16:00,2025-04-02,18:00,Course Code: CST8916 | Section: 300 | Delivery: Theory | Professor: Ramy Mohamed | Academic Penalty Withdrawal Date: 14-Mar-2025,WB170, Woodroffe
Remote Data and Real-time Applications,2025-04-09,16:00,2025-04-09,18:00,Course Code: CST8916 | Section: 300 | Delivery: Theory | Professor: Ramy Mohamed | Academic Penalty Withdrawal Date: 14-Mar-2025,WB170, Woodroffe
Remote Data and Real-time Applications,2025-01-08,16:00,2025-01-08,18:00,Course Code: CST8916 | Section: 300 | Delivery: Theory | Professor: Ramy Mohamed | Academic Penalty Withdrawal Date: 14-Mar-2025,WB170, Woodroffe
Remote Data and Real-time Applications,2025-01-15,16:00,2025-01-15,18:00,Course Code: CST8916 | Section: 300 | Delivery: Theory | Professor: Ramy Mohamed | Academic Penalty Withdrawal Date: 14-Mar-2025,WB170, Woodroffe
Remote Data and Real-time Applications,2025-01-22,16:00,2025-01-22,18:00,Course Code: CST8916 | Section: 300 | Delivery: Theory | Professor: Ramy Mohamed | Academic Penalty Withdrawal Date: 14-Mar-2025,WB170, Woodroffe
Remote Data and Real-time Applications,2025-01-29,16:00,2025-01-29,18:00,Course Code: CST8916 | Section: 300 | Delivery: Theory | Professor: Ramy Mohamed | Academic Penalty Withdrawal Date: 14-Mar-2025,WB170, Woodroffe
Remote Data and Real-time Applications,2025-02-05,16:00,2025-02-05,18:00,Course Code: CST8916 | Section: 300 | Delivery: Theory | Professor: Ramy Mohamed | Academic Penalty Withdrawal Date: 14-Mar-2025,WB170, Woodroffe
Remote Data and Real-time Applications,2025-02-12,16:00,2025-02-12,18:00,Course Code: CST8916 | Section: 300 | Delivery: Theory | Professor: Ramy Mohamed | Academic Penalty Withdrawal Date: 14-Mar-2025,WB170, Woodroffe
Remote Data and Real-time Applications,2025-02-19,16:00,2025-02-19,18:00,Course Code: CST8916 | Section: 300 | Delivery: Theory | Professor: Ramy Mohamed | Academic Penalty Withdrawal Date: 14-Mar-2025,WB170, Woodroffe
Remote Data and Real-time Applications,2025-02-26,16:00,2025-02-26,18:00,Course Code: CST8916 | Section: 300 | Delivery: Theory | Professor: Ramy Mohamed | Academic Penalty Withdrawal Date: 14-Mar-2025,WB170, Woodroffe
Remote Data and Real-time Applications,2025-03-05,16:00,2025-03-05,18:00,Course Code: CST8916 | Section: 300 | Delivery: Theory | Professor: Ramy Mohamed | Academic Penalty Withdrawal Date: 14-Mar-2025,WB170, Woodroffe
Remote Data and Real-time Applications,2025-03-12,16:00,2025-03-12,18:00,Course Code: CST8916 | Section: 300 | Delivery: Theory | Professor: Ramy Mohamed | Academic Penalty Withdrawal Date: 14-Mar-2025,WB170, Woodroffe
Remote Data and Real-time Applications,2025-03-19,16:00,2025-03-19,18:00,Course Code: CST8916 | Section: 300 | Delivery: Theory | Professor: Ramy Mohamed | Academic Penalty Withdrawal Date: 14-Mar-2025,WB170, Woodroffe
Remote Data and Real-time Applications,2025-03-26,16:00,2025-03-26,18:00,Course Code: CST8916 | Section: 300 | Delivery: Theory | Professor: Ramy Mohamed | Academic Penalty Withdrawal Date: 14-Mar-2025,WB170, Woodroffe
Remote Data and Real-time Applications,2025-04-02,16:00,2025-04-02,18:00,Course Code: CST8916 | Section: 300 | Delivery: Theory | Professor: Ramy Mohamed | Academic Penalty Withdrawal Date: 14-Mar-2025,WB170, Woodroffe
Remote Data and Real-time Applications,2025-04-09,16:00,2025-04-09,18:00,Course Code: CST8916 | Section: 300 | Delivery: Theory | Professor: Ramy Mohamed | Academic Penalty Withdrawal Date: 14-Mar-2025,WB170, Woodroffe
Cloud Solutions Architecture,2025-01-08,18:00,2025-01-08,20:00,Course Code: CST8912 | Section: 011 | Delivery: Theory | Professor: Tanishq Bansal | Academic Penalty Withdrawal Date: 14-Mar-2025,WB170, Woodroffe
Cloud Solutions Architecture,2025-01-15,18:00,2025-01-15,20:00,Course Code: CST8912 | Section: 011 | Delivery: Theory | Professor: Tanishq Bansal | Academic Penalty Withdrawal Date: 14-Mar-2025,WB170, Woodroffe
Cloud Solutions Architecture,2025-01-22,18:00,2025-01-22,20:00,Course Code: CST8912 | Section: 011 | Delivery: Theory | Professor: Tanishq Bansal | Academic Penalty Withdrawal Date: 14-Mar-2025,WB170, Woodroffe
Cloud Solutions Architecture,2025-01-29,18:00,2025-01-29,20:00,Course Code: CST8912 | Section: 011 | Delivery: Theory | Professor: Tanishq Bansal | Academic Penalty Withdrawal Date: 14-Mar-2025,WB170, Woodroffe
Cloud Solutions Architecture,2025-02-05,18:00,2025-02-05,20:00,Course Code: CST8912 | Section: 011 | Delivery: Theory | Professor: Tanishq Bansal | Academic Penalty Withdrawal Date: 14-Mar-2025,WB170, Woodroffe
Cloud Solutions Architecture,2025-02-12,18:00,2025-02-12,20:00,Course Code: CST8912 | Section: 011 | Delivery: Theory | Professor: Tanishq Bansal | Academic Penalty Withdrawal Date: 14-Mar-2025,WB170, Woodroffe
Cloud Solutions Architecture,2025-02-19,18:00,2025-02-19,20:00,Course Code: CST8912 | Section: 011 | Delivery: Theory | Professor: Tanishq Bansal | Academic Penalty Withdrawal Date: 14-Mar-2025,WB170, Woodroffe
Cloud Solutions Architecture,2025-02-26,18:00,2025-02-26,20:00,Course Code: CST8912 | Section: 011 | Delivery: Theory | Professor: Tanishq Bansal | Academic Penalty Withdrawal Date: 14-Mar-2025,WB170, Woodroffe
Cloud Solutions Architecture,2025-03-05,18:00,2025-03-05,20:00,Course Code: CST8912 | Section: 011 | Delivery: Theory | Professor: Tanishq Bansal | Academic Penalty Withdrawal Date: 14-Mar-2025,WB170, Woodroffe
Cloud Solutions Architecture,2025-03-12,18:00,2025-03-12,20:00,Course Code: CST8912 | Section: 011 | Delivery: Theory | Professor: Tanishq Bansal | Academic Penalty Withdrawal Date: 14-Mar-2025,WB170, Woodroffe
Cloud Solutions Architecture,2025-03-19,18:00,2025-03-19,20:00,Course Code: CST8912 | Section: 011 | Delivery: Theory | Professor: Tanishq Bansal | Academic Penalty Withdrawal Date: 14-Mar-2025,WB170, Woodroffe
Cloud Solutions Architecture,2025-03-26,18:00,2025-03-26,20:00,Course Code: CST8912 | Section: 011 | Delivery: Theory | Professor: Tanishq Bansal | Academic Penalty Withdrawal Date: 14-Mar-2025,WB170, Woodroffe
Cloud Solutions Architecture,2025-04-02,18:00,2025-04-02,20:00,Course Code: CST8912 | Section: 011 | Delivery: Theory | Professor: Tanishq Bansal | Academic Penalty Withdrawal Date: 14-Mar-2025,WB170, Woodroffe
Cloud Solutions Architecture,2025-04-09,18:00,2025-04-09,20:00,Course Code: CST8912 | Section: 011 | Delivery: Theory | Professor: Tanishq Bansal | Academic Penalty Withdrawal Date: 14-Mar-2025,WB170, Woodroffe
Cloud Solutions Architecture,2025-01-08,18:00,2025-01-08,20:00,Course Code: CST8912 | Section: 011 | Delivery: Theory | Professor: Tanishq Bansal | Academic Penalty Withdrawal Date: 14-Mar-2025,WB170, Woodroffe
Cloud Solutions Architecture,2025-01-15,18:00,2025-01-15,20:00,Course Code: CST8912 | Section: 011 | Delivery: Theory | Professor: Tanishq Bansal | Academic Penalty Withdrawal Date: 14-Mar-2025,WB170, Woodroffe
Cloud Solutions Architecture,2025-01-22,18:00,2025-01-22,20:00,Course Code: CST8912 | Section: 011 | Delivery: Theory | Professor: Tanishq Bansal | Academic Penalty Withdrawal Date: 14-Mar-2025,WB170, Woodroffe
Cloud Solutions Architecture,2025-01-29,18:00,2025-01-29,20:00,Course Code: CST8912 | Section: 011 | Delivery: Theory | Professor: Tanishq Bansal | Academic Penalty Withdrawal Date: 14-Mar-2025,WB170, Woodroffe
Cloud Solutions Architecture,2025-02-05,18:00,2025-02-05,20:00,Course Code: CST8912 | Section: 011 | Delivery: Theory | Professor: Tanishq Bansal | Academic Penalty Withdrawal Date: 14-Mar-2025,WB170, Woodroffe
Cloud Solutions Architecture,2025-02-12,18:00,2025-02-12,20:00,Course Code: CST8912 | Section: 011 | Delivery: Theory | Professor: Tanishq Bansal | Academic Penalty Withdrawal Date: 14-Mar-2025,WB170, Woodroffe
Cloud Solutions Architecture,2025-02-19,18:00,2025-02-19,20:00,Course Code: CST8912 | Section: 011 | Delivery: Theory | Professor: Tanishq Bansal | Academic Penalty Withdrawal Date: 14-Mar-2025,WB170, Woodroffe
Cloud Solutions Architecture,2025-02-26,18:00,2025-02-26,20:00,Course Code: CST8912 | Section: 011 | Delivery: Theory | Professor: Tanishq Bansal | Academic Penalty Withdrawal Date: 14-Mar-2025,WB170, Woodroffe
Cloud Solutions Architecture,2025-03-05,18:00,2025-03-05,20:00,Course Code: CST8912 | Section: 011 | Delivery: Theory | Professor: Tanishq Bansal | Academic Penalty Withdrawal Date: 14-Mar-2025,WB170, Woodroffe
Cloud Solutions Architecture,2025-03-12,18:00,2025-03-12,20:00,Course Code: CST8912 | Section: 011 | Delivery: Theory | Professor: Tanishq Bansal | Academic Penalty Withdrawal Date: 14-Mar-2025,WB170, Woodroffe
Cloud Solutions Architecture,2025-03-19,18:00,2025-03-19,20:00,Course Code: CST8912 | Section: 011 | Delivery: Theory | Professor: Tanishq Bansal | Academic Penalty Withdrawal Date: 14-Mar-2025,WB170, Woodroffe
Cloud Solutions Architecture,2025-03-26,18:00,2025-03-26,20:00,Course Code: CST8912 | Section: 011 | Delivery: Theory | Professor: Tanishq Bansal | Academic Penalty Withdrawal Date: 14-Mar-2025,WB170, Woodroffe
Cloud Solutions Architecture,2025-04-02,18:00,2025-04-02,20:00,Course Code: CST8912 | Section: 011 | Delivery: Theory | Professor: Tanishq Bansal | Academic Penalty Withdrawal Date: 14-Mar-2025,WB170, Woodroffe
Cloud Solutions Architecture,2025-04-09,18:00,2025-04-09,20:00,Course Code: CST8912 | Section: 011 | Delivery: Theory | Professor: Tanishq Bansal | Academic Penalty Withdrawal Date: 14-Mar-2025,WB170, Woodroffe
Cloud Solutions Architecture,2025-01-08,18:00,2025-01-08,20:00,Course Code: CST8912 | Section: 011 | Delivery: Theory | Professor: Tanishq Bansal | Academic Penalty Withdrawal Date: 14-Mar-2025,WB170, Woodroffe
Cloud Solutions Architecture,2025-01-15,18:00,2025-01-15,20:00,Course Code: CST8912 | Section: 011 | Delivery: Theory | Professor: Tanishq Bansal | Academic Penalty Withdrawal Date: 14-Mar-2025,WB170, Woodroffe
Cloud Solutions Architecture,2025-01-22,18:00,2025-01-22,20:00,Course Code: CST8912 | Section: 011 | Delivery: Theory | Professor: Tanishq Bansal | Academic Penalty Withdrawal Date: 14-Mar-2025,WB170, Woodroffe
Cloud Solutions Architecture,2025-01-29,18:00,2025-01-29,20:00,Course Code: CST8912 | Section: 011 | Delivery: Theory | Professor: Tanishq Bansal | Academic Penalty Withdrawal Date: 14-Mar-2025,WB170, Woodroffe
Cloud Solutions Architecture,2025-02-05,18:00,2025-02-05,20:00,Course Code: CST8912 | Section: 011 | Delivery: Theory | Professor: Tanishq Bansal | Academic Penalty Withdrawal Date: 14-Mar-2025,WB170, Woodroffe
Cloud Solutions Architecture,2025-02-12,18:00,2025-02-12,20:00,Course Code: CST8912 | Section: 011 | Delivery: Theory | Professor: Tanishq Bansal | Academic Penalty Withdrawal Date: 14-Mar-2025,WB170, Woodroffe
Cloud Solutions Architecture,2025-02-19,18:00,2025-02-19,20:00,Course Code: CST8912 | Section: 011 | Delivery: Theory | Professor: Tanishq Bansal | Academic Penalty Withdrawal Date: 14-Mar-2025,WB170, Woodroffe
Cloud Solutions Architecture,2025-02-26,18:00,2025-02-26,20:00,Course Code: CST8912 | Section: 011 | Delivery: Theory | Professor: Tanishq Bansal | Academic Penalty Withdrawal Date: 14-Mar-2025,WB170, Woodroffe
Cloud Solutions Architecture,2025-03-05,18:00,2025-03-05,20:00,Course Code: CST8912 | Section: 011 | Delivery: Theory | Professor: Tanishq Bansal | Academic Penalty Withdrawal Date: 14-Mar-2025,WB170, Woodroffe
Cloud Solutions Architecture,2025-03-12,18:00,2025-03-12,20:00,Course Code: CST8912 | Section: 011 | Delivery: Theory | Professor: Tanishq Bansal | Academic Penalty Withdrawal Date: 14-Mar-2025,WB170, Woodroffe
Cloud Solutions Architecture,2025-03-19,18:00,2025-03-19,20:00,Course Code: CST8912 | Section: 011 | Delivery: Theory | Professor: Tanishq Bansal | Academic Penalty Withdrawal Date: 14-Mar-2025,WB170, Woodroffe
Cloud Solutions Architecture,2025-03-26,18:00,2025-03-26,20:00,Course Code: CST8912 | Section: 011 | Delivery: Theory | Professor: Tanishq Bansal | Academic Penalty Withdrawal Date: 14-Mar-2025,WB170, Woodroffe
Cloud Solutions Architecture,2025-04-02,18:00,2025-04-02,20:00,Course Code: CST8912 | Section: 011 | Delivery: Theory | Professor: Tanishq Bansal | Academic Penalty Withdrawal Date: 14-Mar-2025,WB170, Woodroffe
Cloud Solutions Architecture,2025-04-09,18:00,2025-04-09,20:00,Course Code: CST8912 | Section: 011 | Delivery: Theory | Professor: Tanishq Bansal | Academic Penalty Withdrawal Date: 14-Mar-2025,WB170, Woodroffe
Introduction to Cloud Computing,2025-01-08,20:00,2025-01-08,22:00,Course Code: CST8911 | Section: 300 | Delivery: Theory | Professor: jasleen Sharma | Academic Penalty Withdrawal Date: 14-Mar-2025,WB170, Woodroffe
Introduction to Cloud Computing,2025-01-15,20:00,2025-01-15,22:00,Course Code: CST8911 | Section: 300 | Delivery: Theory | Professor: jasleen Sharma | Academic Penalty Withdrawal Date: 14-Mar-2025,WB170, Woodroffe
Introduction to Cloud Computing,2025-01-22,20:00,2025-01-22,22:00,Course Code: CST8911 | Section: 300 | Delivery: Theory | Professor: jasleen Sharma | Academic Penalty Withdrawal Date: 14-Mar-2025,WB170, Woodroffe
Introduction to Cloud Computing,2025-01-29,20:00,2025-01-29,22:00,Course Code: CST8911 | Section: 300 | Delivery: Theory | Professor: jasleen Sharma | Academic Penalty Withdrawal Date: 14-Mar-2025,WB170, Woodroffe
Introduction to Cloud Computing,2025-02-05,20:00,2025-02-05,22:00,Course Code: CST8911 | Section: 300 | Delivery: Theory | Professor: jasleen Sharma | Academic Penalty Withdrawal Date: 14-Mar-2025,WB170, Woodroffe
Introduction to Cloud Computing,2025-02-12,20:00,2025-02-12,22:00,Course Code: CST8911 | Section: 300 | Delivery: Theory | Professor: jasleen Sharma | Academic Penalty Withdrawal Date: 14-Mar-2025,WB170, Woodroffe
Introduction to Cloud Computing,2025-02-19,20:00,2025-02-19,22:00,Course Code: CST8911 | Section: 300 | Delivery: Theory | Professor: jasleen Sharma | Academic Penalty Withdrawal Date: 14-Mar-2025,WB170, Woodroffe
Introduction to Cloud Computing,2025-02-26,20:00,2025-02-26,22:00,Course Code: CST8911 | Section: 300 | Delivery: Theory | Professor: jasleen Sharma | Academic Penalty Withdrawal Date: 14-Mar-2025,WB170, Woodroffe
Introduction to Cloud Computing,2025-03-05,20:00,2025-03-05,22:00,Course Code: CST8911 | Section: 300 | Delivery: Theory | Professor: jasleen Sharma | Academic Penalty Withdrawal Date: 14-Mar-2025,WB170, Woodroffe
Introduction to Cloud Computing,2025-03-12,20:00,2025-03-12,22:00,Course Code: CST8911 | Section: 300 | Delivery: Theory | Professor: jasleen Sharma | Academic Penalty Withdrawal Date: 14-Mar-2025,WB170, Woodroffe
Introduction to Cloud Computing,2025-03-19,20:00,2025-03-19,22:00,Course Code: CST8911 | Section: 300 | Delivery: Theory | Professor: jasleen Sharma | Academic Penalty Withdrawal Date: 14-Mar-2025,WB170, Woodroffe
Introduction to Cloud Computing,2025-03-26,20:00,2025-03-26,22:00,Course Code: CST8911 | Section: 300 | Delivery: Theory | Professor: jasleen Sharma | Academic Penalty Withdrawal Date: 14-Mar-2025,WB170, Woodroffe
Introduction to Cloud Computing,2025-04-02,20:00,2025-04-02,22:00,Course Code: CST8911 | Section: 300 | Delivery: Theory | Professor: jasleen Sharma | Academic Penalty Withdrawal Date: 14-Mar-2025,WB170, Woodroffe
Introduction to Cloud Computing,2025-04-09,20:00,2025-04-09,22:00,Course Code: CST8911 | Section: 300 | Delivery: Theory | Professor: jasleen Sharma | Academic Penalty Withdrawal Date: 14-Mar-2025,WB170, Woodroffe
Introduction to Cloud Computing,2025-01-08,20:00,2025-01-08,22:00,Course Code: CST8911 | Section: 300 | Delivery: Theory | Professor: jasleen Sharma | Academic Penalty Withdrawal Date: 14-Mar-2025,WB170, Woodroffe
Introduction to Cloud Computing,2025-01-15,20:00,2025-01-15,22:00,Course Code: CST8911 | Section: 300 | Delivery: Theory | Professor: jasleen Sharma | Academic Penalty Withdrawal Date: 14-Mar-2025,WB170, Woodroffe
Introduction to Cloud Computing,2025-01-22,20:00,2025-01-22,22:00,Course Code: CST8911 | Section: 300 | Delivery: Theory | Professor: jasleen Sharma | Academic Penalty Withdrawal Date: 14-Mar-2025,WB170, Woodroffe
Introduction to Cloud Computing,2025-01-29,20:00,2025-01-29,22:00,Course Code: CST8911 | Section: 300 | Delivery: Theory | Professor: jasleen Sharma | Academic Penalty Withdrawal Date: 14-Mar-2025,WB170, Woodroffe
Introduction to Cloud Computing,2025-02-05,20:00,2025-02-05,22:00,Course Code: CST8911 | Section: 300 | Delivery: Theory | Professor: jasleen Sharma | Academic Penalty Withdrawal Date: 14-Mar-2025,WB170, Woodroffe
Introduction to Cloud Computing,2025-02-12,20:00,2025-02-12,22:00,Course Code: CST8911 | Section: 300 | Delivery: Theory | Professor: jasleen Sharma | Academic Penalty Withdrawal Date: 14-Mar-2025,WB170, Woodroffe
Introduction to Cloud Computing,2025-02-19,20:00,2025-02-19,22:00,Course Code: CST8911 | Section: 300 | Delivery: Theory | Professor: jasleen Sharma | Academic Penalty Withdrawal Date: 14-Mar-2025,WB170, Woodroffe
Introduction to Cloud Computing,2025-02-26,20:00,2025-02-26,22:00,Course Code: CST8911 | Section: 300 | Delivery: Theory | Professor: jasleen Sharma | Academic Penalty Withdrawal Date: 14-Mar-2025,WB170, Woodroffe
Introduction to Cloud Computing,2025-03-05,20:00,2025-03-05,22:00,Course Code: CST8911 | Section: 300 | Delivery: Theory | Professor: jasleen Sharma | Academic Penalty Withdrawal Date: 14-Mar-2025,WB170, Woodroffe
Introduction to Cloud Computing,2025-03-12,20:00,2025-03-12,22:00,Course Code: CST8911 | Section: 300 | Delivery: Theory | Professor: jasleen Sharma | Academic Penalty Withdrawal Date: 14-Mar-2025,WB170, Woodroffe
Introduction to Cloud Computing,2025-03-19,20:00,2025-03-19,22:00,Course Code: CST8911 | Section: 300 | Delivery: Theory | Professor: jasleen Sharma | Academic Penalty Withdrawal Date: 14-Mar-2025,WB170, Woodroffe
Introduction to Cloud Computing,2025-03-26,20:00,2025-03-26,22:00,Course Code: CST8911 | Section: 300 | Delivery: Theory | Professor: jasleen Sharma | Academic Penalty Withdrawal Date: 14-Mar-2025,WB170, Woodroffe
Introduction to Cloud Computing,2025-04-02,20:00,2025-04-02,22:00,Course Code: CST8911 | Section: 300 | Delivery: Theory | Professor: jasleen Sharma | Academic Penalty Withdrawal Date: 14-Mar-2025,WB170, Woodroffe
Introduction to Cloud Computing,2025-04-09,20:00,2025-04-09,22:00,Course Code: CST8911 | Section: 300 | Delivery: Theory | Professor: jasleen Sharma | Academic Penalty Withdrawal Date: 14-Mar-2025,WB170, Woodroffe
Introduction to Cloud Computing,2025-01-08,20:00,2025-01-08,22:00,Course Code: CST8911 | Section: 300 | Delivery: Theory | Professor: jasleen Sharma | Academic Penalty Withdrawal Date: 14-Mar-2025,WB170, Woodroffe
Introduction to Cloud Computing,2025-01-15,20:00,2025-01-15,22:00,Course Code: CST8911 | Section: 300 | Delivery: Theory | Professor: jasleen Sharma | Academic Penalty Withdrawal Date: 14-Mar-2025,WB170, Woodroffe
Introduction to Cloud Computing,2025-01-22,20:00,2025-01-22,22:00,Course Code: CST8911 | Section: 300 | Delivery: Theory | Professor: jasleen Sharma | Academic Penalty Withdrawal Date: 14-Mar-2025,WB170, Woodroffe
Introduction to Cloud Computing,2025-01-29,20:00,2025-01-29,22:00,Course Code: CST8911 | Section: 300 | Delivery: Theory | Professor: jasleen Sharma | Academic Penalty Withdrawal Date: 14-Mar-2025,WB170, Woodroffe
Introduction to Cloud Computing,2025-02-05,20:00,2025-02-05,22:00,Course Code: CST8911 | Section: 300 | Delivery: Theory | Professor: jasleen Sharma | Academic Penalty Withdrawal Date: 14-Mar-2025,WB170, Woodroffe
Introduction to Cloud Computing,2025-02-12,20:00,2025-02-12,22:00,Course Code: CST8911 | Section: 300 | Delivery: Theory | Professor: jasleen Sharma | Academic Penalty Withdrawal Date: 14-Mar-2025,WB170, Woodroffe
Introduction to Cloud Computing,2025-02-19,20:00,2025-02-19,22:00,Course Code: CST8911 | Section: 300 | Delivery: Theory | Professor: jasleen Sharma | Academic Penalty Withdrawal Date: 14-Mar-2025,WB170, Woodroffe
Introduction to Cloud Computing,2025-02-26,20:00,2025-02-26,22:00,Course Code: CST8911 | Section: 300 | Delivery: Theory | Professor: jasleen Sharma | Academic Penalty Withdrawal Date: 14-Mar-2025,WB170, Woodroffe
Introduction to Cloud Computing,2025-03-05,20:00,2025-03-05,22:00,Course Code: CST8911 | Section: 300 | Delivery: Theory | Professor: jasleen Sharma | Academic Penalty Withdrawal Date: 14-Mar-2025,WB170, Woodroffe
Introduction to Cloud Computing,2025-03-12,20:00,2025-03-12,22:00,Course Code: CST8911 | Section: 300 | Delivery: Theory | Professor: jasleen Sharma | Academic Penalty Withdrawal Date: 14-Mar-2025,WB170, Woodroffe
Introduction to Cloud Computing,2025-03-19,20:00,2025-03-19,22:00,Course Code: CST8911 | Section: 300 | Delivery: Theory | Professor: jasleen Sharma | Academic Penalty Withdrawal Date: 14-Mar-2025,WB170, Woodroffe
Introduction to Cloud Computing,2025-03-26,20:00,2025-03-26,22:00,Course Code: CST8911 | Section: 300 | Delivery: Theory | Professor: jasleen Sharma | Academic Penalty Withdrawal Date: 14-Mar-2025,WB170, Woodroffe
Introduction to Cloud Computing,2025-04-02,20:00,2025-04-02,22:00,Course Code: CST8911 | Section: 300 | Delivery: Theory | Professor: jasleen Sharma | Academic Penalty Withdrawal Date: 14-Mar-2025,WB170, Woodroffe
Introduction to Cloud Computing,2025-04-09,20:00,2025-04-09,22:00,Course Code: CST8911 | Section: 300 | Delivery: Theory | Professor: jasleen Sharma | Academic Penalty Withdrawal Date: 14-Mar-2025,WB170, Woodroffe
Cloud Migration,2025-01-10,17:00,2025-01-10,19:00,Course Code: CST8913 | Section: 011 | Delivery: Lab | Professor: Islam Gomaa | Academic Penalty Withdrawal Date: 14-Mar-2025,CA405, Woodroffe
Cloud Migration,2025-01-17,17:00,2025-01-17,19:00,Course Code: CST8913 | Section: 011 | Delivery: Lab | Professor: Islam Gomaa | Academic Penalty Withdrawal Date: 14-Mar-2025,CA405, Woodroffe
Cloud Migration,2025-01-24,17:00,2025-01-24,19:00,Course Code: CST8913 | Section: 011 | Delivery: Lab | Professor: Islam Gomaa | Academic Penalty Withdrawal Date: 14-Mar-2025,CA405, Woodroffe
Cloud Migration,2025-01-31,17:00,2025-01-31,19:00,Course Code: CST8913 | Section: 011 | Delivery: Lab | Professor: Islam Gomaa | Academic Penalty Withdrawal Date: 14-Mar-2025,CA405, Woodroffe
Cloud Migration,2025-02-07,17:00,2025-02-07,19:00,Course Code: CST8913 | Section: 011 | Delivery: Lab | Professor: Islam Gomaa | Academic Penalty Withdrawal Date: 14-Mar-2025,CA405, Woodroffe
Cloud Migration,2025-02-14,17:00,2025-02-14,19:00,Course Code: CST8913 | Section: 011 | Delivery: Lab | Professor: Islam Gomaa | Academic Penalty Withdrawal Date: 14-Mar-2025,CA405, Woodroffe
Cloud Migration,2025-02-21,17:00,2025-02-21,19:00,Course Code: CST8913 | Section: 011 | Delivery: Lab | Professor: Islam Gomaa | Academic Penalty Withdrawal Date: 14-Mar-2025,CA405, Woodroffe
Cloud Migration,2025-02-28,17:00,2025-02-28,19:00,Course Code: CST8913 | Section: 011 | Delivery: Lab | Professor: Islam Gomaa | Academic Penalty Withdrawal Date: 14-Mar-2025,CA405, Woodroffe
Cloud Migration,2025-03-07,17:00,2025-03-07,19:00,Course Code: CST8913 | Section: 011 | Delivery: Lab | Professor: Islam Gomaa | Academic Penalty Withdrawal Date: 14-Mar-2025,CA405, Woodroffe
Cloud Migration,2025-03-14,17:00,2025-03-14,19:00,Course Code: CST8913 | Section: 011 | Delivery: Lab | Professor: Islam Gomaa | Academic Penalty Withdrawal Date: 14-Mar-2025,CA405, Woodroffe
Cloud Migration,2025-03-21,17:00,2025-03-21,19:00,Course Code: CST8913 | Section: 011 | Delivery: Lab | Professor: Islam Gomaa | Academic Penalty Withdrawal Date: 14-Mar-2025,CA405, Woodroffe
Cloud Migration,2025-03-28,17:00,2025-03-28,19:00,Course Code: CST8913 | Section: 011 | Delivery: Lab | Professor: Islam Gomaa | Academic Penalty Withdrawal Date: 14-Mar-2025,CA405, Woodroffe
Cloud Migration,2025-04-04,17:00,2025-04-04,19:00,Course Code: CST8913 | Section: 011 | Delivery: Lab | Professor: Islam Gomaa | Academic Penalty Withdrawal Date: 14-Mar-2025,CA405, Woodroffe
Cloud Migration,2025-04-11,17:00,2025-04-11,19:00,Course Code: CST8913 | Section: 011 | Delivery: Lab | Professor: Islam Gomaa | Academic Penalty Withdrawal Date: 14-Mar-2025,CA405, Woodroffe
Cloud Migration,2025-01-10,17:00,2025-01-10,19:00,Course Code: CST8913 | Section: 011 | Delivery: Lab | Professor: Islam Gomaa | Academic Penalty Withdrawal Date: 14-Mar-2025,CA405, Woodroffe
Cloud Migration,2025-01-17,17:00,2025-01-17,19:00,Course Code: CST8913 | Section: 011 | Delivery: Lab | Professor: Islam Gomaa | Academic Penalty Withdrawal Date: 14-Mar-2025,CA405, Woodroffe
Cloud Migration,2025-01-24,17:00,2025-01-24,19:00,Course Code: CST8913 | Section: 011 | Delivery: Lab | Professor: Islam Gomaa | Academic Penalty Withdrawal Date: 14-Mar-2025,CA405, Woodroffe
Cloud Migration,2025-01-31,17:00,2025-01-31,19:00,Course Code: CST8913 | Section: 011 | Delivery: Lab | Professor: Islam Gomaa | Academic Penalty Withdrawal Date: 14-Mar-2025,CA405, Woodroffe
Cloud Migration,2025-02-07,17:00,2025-02-07,19:00,Course Code: CST8913 | Section: 011 | Delivery: Lab | Professor: Islam Gomaa | Academic Penalty Withdrawal Date: 14-Mar-2025,CA405, Woodroffe
Cloud Migration,2025-02-14,17:00,2025-02-14,19:00,Course Code: CST8913 | Section: 011 | Delivery: Lab | Professor: Islam Gomaa | Academic Penalty Withdrawal Date: 14-Mar-2025,CA405, Woodroffe
Cloud Migration,2025-02-21,17:00,2025-02-21,19:00,Course Code: CST8913 | Section: 011 | Delivery: Lab | Professor: Islam Gomaa | Academic Penalty Withdrawal Date: 14-Mar-2025,CA405, Woodroffe
Cloud Migration,2025-02-28,17:00,2025-02-28,19:00,Course Code: CST8913 | Section: 011 | Delivery: Lab | Professor: Islam Gomaa | Academic Penalty Withdrawal Date: 14-Mar-2025,CA405, Woodroffe
Cloud Migration,2025-03-07,17:00,2025-03-07,19:00,Course Code: CST8913 | Section: 011 | Delivery: Lab | Professor: Islam Gomaa | Academic Penalty Withdrawal Date: 14-Mar-2025,CA405, Woodroffe
Cloud Migration,2025-03-14,17:00,2025-03-14,19:00,Course Code: CST8913 | Section: 011 | Delivery: Lab | Professor: Islam Gomaa | Academic Penalty Withdrawal Date: 14-Mar-2025,CA405, Woodroffe
Cloud Migration,2025-03-21,17:00,2025-03-21,19:00,Course Code: CST8913 | Section: 011 | Delivery: Lab | Professor: Islam Gomaa | Academic Penalty Withdrawal Date: 14-Mar-2025,CA405, Woodroffe
Cloud Migration,2025-03-28,17:00,2025-03-28,19:00,Course Code: CST8913 | Section: 011 | Delivery: Lab | Professor: Islam Gomaa | Academic Penalty Withdrawal Date: 14-Mar-2025,CA405, Woodroffe
Cloud Migration,2025-04-04,17:00,2025-04-04,19:00,Course Code: CST8913 | Section: 011 | Delivery: Lab | Professor: Islam Gomaa | Academic Penalty Withdrawal Date: 14-Mar-2025,CA405, Woodroffe
Cloud Migration,2025-04-11,17:00,2025-04-11,19:00,Course Code: CST8913 | Section: 011 | Delivery: Lab | Professor: Islam Gomaa | Academic Penalty Withdrawal Date: 14-Mar-2025,CA405, Woodroffe
Cloud Migration,2025-01-10,17:00,2025-01-10,19:00,Course Code: CST8913 | Section: 011 | Delivery: Lab | Professor: Islam Gomaa | Academic Penalty Withdrawal Date: 14-Mar-2025,CA405, Woodroffe
Cloud Migration,2025-01-17,17:00,2025-01-17,19:00,Course Code: CST8913 | Section: 011 | Delivery: Lab | Professor: Islam Gomaa | Academic Penalty Withdrawal Date: 14-Mar-2025,CA405, Woodroffe
Cloud Migration,2025-01-24,17:00,2025-01-24,19:00,Course Code: CST8913 | Section: 011 | Delivery: Lab | Professor: Islam Gomaa | Academic Penalty Withdrawal Date: 14-Mar-2025,CA405, Woodroffe
Cloud Migration,2025-01-31,17:00,2025-01-31,19:00,Course Code: CST8913 | Section: 011 | Delivery: Lab | Professor: Islam Gomaa | Academic Penalty Withdrawal Date: 14-Mar-2025,CA405, Woodroffe
Cloud Migration,2025-02-07,17:00,2025-02-07,19:00,Course Code: CST8913 | Section: 011 | Delivery: Lab | Professor: Islam Gomaa | Academic Penalty Withdrawal Date: 14-Mar-2025,CA405, Woodroffe
Cloud Migration,2025-02-14,17:00,2025-02-14,19:00,Course Code: CST8913 | Section: 011 | Delivery: Lab | Professor: Islam Gomaa | Academic Penalty Withdrawal Date: 14-Mar-2025,CA405, Woodroffe
Cloud Migration,2025-02-21,17:00,2025-02-21,19:00,Course Code: CST8913 | Section: 011 | Delivery: Lab | Professor: Islam Gomaa | Academic Penalty Withdrawal Date: 14-Mar-2025,CA405, Woodroffe
Cloud Migration,2025-02-28,17:00,2025-02-28,19:00,Course Code: CST8913 | Section: 011 | Delivery: Lab | Professor: Islam Gomaa | Academic Penalty Withdrawal Date: 14-Mar-2025,CA405, Woodroffe
Cloud Migration,2025-03-07,17:00,2025-03-07,19:00,Course Code: CST8913 | Section: 011 | Delivery: Lab | Professor: Islam Gomaa | Academic Penalty Withdrawal Date: 14-Mar-2025,CA405, Woodroffe
Cloud Migration,2025-03-14,17:00,2025-03-14,19:00,Course Code: CST8913 | Section: 011 | Delivery: Lab | Professor: Islam Gomaa | Academic Penalty Withdrawal Date: 14-Mar-2025,CA405, Woodroffe
Cloud Migration,2025-03-21,17:00,2025-03-21,19:00,Course Code: CST8913 | Section: 011 | Delivery: Lab | Professor: Islam Gomaa | Academic Penalty Withdrawal Date: 14-Mar-2025,CA405, Woodroffe
Cloud Migration,2025-03-28,17:00,2025-03-28,19:00,Course Code: CST8913 | Section: 011 | Delivery: Lab | Professor: Islam Gomaa | Academic Penalty Withdrawal Date: 14-Mar-2025,CA405, Woodroffe
Cloud Migration,2025-04-04,17:00,2025-04-04,19:00,Course Code: CST8913 | Section: 011 | Delivery: Lab | Professor: Islam Gomaa | Academic Penalty Withdrawal Date: 14-Mar-2025,CA405, Woodroffe
Cloud Migration,2025-04-11,17:00,2025-04-11,19:00,Course Code: CST8913 | Section: 011 | Delivery: Lab | Professor: Islam Gomaa | Academic Penalty Withdrawal Date: 14-Mar-2025,CA405, Woodroffe
Cloud Migration,2025-01-10,19:00,2025-01-10,21:00,Course Code: CST8913 | Section: 010 | Delivery: Theory | Professor: Islam Gomaa | Academic Penalty Withdrawal Date: 14-Mar-2025,WB370, Woodroffe
Cloud Migration,2025-01-17,19:00,2025-01-17,21:00,Course Code: CST8913 | Section: 010 | Delivery: Theory | Professor: Islam Gomaa | Academic Penalty Withdrawal Date: 14-Mar-2025,WB370, Woodroffe
Cloud Migration,2025-01-24,19:00,2025-01-24,21:00,Course Code: CST8913 | Section: 010 | Delivery: Theory | Professor: Islam Gomaa | Academic Penalty Withdrawal Date: 14-Mar-2025,WB370, Woodroffe
Cloud Migration,2025-01-31,19:00,2025-01-31,21:00,Course Code: CST8913 | Section: 010 | Delivery: Theory | Professor: Islam Gomaa | Academic Penalty Withdrawal Date: 14-Mar-2025,WB370, Woodroffe
Cloud Migration,2025-02-07,19:00,2025-02-07,21:00,Course Code: CST8913 | Section: 010 | Delivery: Theory | Professor: Islam Gomaa | Academic Penalty Withdrawal Date: 14-Mar-2025,WB370, Woodroffe
Cloud Migration,2025-02-14,19:00,2025-02-14,21:00,Course Code: CST8913 | Section: 010 | Delivery: Theory | Professor: Islam Gomaa | Academic Penalty Withdrawal Date: 14-Mar-2025,WB370, Woodroffe
Cloud Migration,2025-02-21,19:00,2025-02-21,21:00,Course Code: CST8913 | Section: 010 | Delivery: Theory | Professor: Islam Gomaa | Academic Penalty Withdrawal Date: 14-Mar-2025,WB370, Woodroffe
Cloud Migration,2025-02-28,19:00,2025-02-28,21:00,Course Code: CST8913 | Section: 010 | Delivery: Theory | Professor: Islam Gomaa | Academic Penalty Withdrawal Date: 14-Mar-2025,WB370, Woodroffe
Cloud Migration,2025-03-07,19:00,2025-03-07,21:00,Course Code: CST8913 | Section: 010 | Delivery: Theory | Professor: Islam Gomaa | Academic Penalty Withdrawal Date: 14-Mar-2025,WB370, Woodroffe
Cloud Migration,2025-03-14,19:00,2025-03-14,21:00,Course Code: CST8913 | Section: 010 | Delivery: Theory | Professor: Islam Gomaa | Academic Penalty Withdrawal Date: 14-Mar-2025,WB370, Woodroffe
Cloud Migration,2025-03-21,19:00,2025-03-21,21:00,Course Code: CST8913 | Section: 010 | Delivery: Theory | Professor: Islam Gomaa | Academic Penalty Withdrawal Date: 14-Mar-2025,WB370, Woodroffe
Cloud Migration,2025-03-28,19:00,2025-03-28,21:00,Course Code: CST8913 | Section: 010 | Delivery: Theory | Professor: Islam Gomaa | Academic Penalty Withdrawal Date: 14-Mar-2025,WB370, Woodroffe
Cloud Migration,2025-04-04,19:00,2025-04-04,21:00,Course Code: CST8913 | Section: 010 | Delivery: Theory | Professor: Islam Gomaa | Academic Penalty Withdrawal Date: 14-Mar-2025,WB370, Woodroffe
Cloud Migration,2025-04-11,19:00,2025-04-11,21:00,Course Code: CST8913 | Section: 010 | Delivery: Theory | Professor: Islam Gomaa | Academic Penalty Withdrawal Date: 14-Mar-2025,WB370, Woodroffe
Cloud Migration,2025-01-10,19:00,2025-01-10,21:00,Course Code: CST8913 | Section: 010 | Delivery: Theory | Professor: Islam Gomaa | Academic Penalty Withdrawal Date: 14-Mar-2025,WB370, Woodroffe
Cloud Migration,2025-01-17,19:00,2025-01-17,21:00,Course Code: CST8913 | Section: 010 | Delivery: Theory | Professor: Islam Gomaa | Academic Penalty Withdrawal Date: 14-Mar-2025,WB370, Woodroffe
Cloud Migration,2025-01-24,19:00,2025-01-24,21:00,Course Code: CST8913 | Section: 010 | Delivery: Theory | Professor: Islam Gomaa | Academic Penalty Withdrawal Date: 14-Mar-2025,WB370, Woodroffe
Cloud Migration,2025-01-31,19:00,2025-01-31,21:00,Course Code: CST8913 | Section: 010 | Delivery: Theory | Professor: Islam Gomaa | Academic Penalty Withdrawal Date: 14-Mar-2025,WB370, Woodroffe
Cloud Migration,2025-02-07,19:00,2025-02-07,21:00,Course Code: CST8913 | Section: 010 | Delivery: Theory | Professor: Islam Gomaa | Academic Penalty Withdrawal Date: 14-Mar-2025,WB370, Woodroffe
Cloud Migration,2025-02-14,19:00,2025-02-14,21:00,Course Code: CST8913 | Section: 010 | Delivery: Theory | Professor: Islam Gomaa | Academic Penalty Withdrawal Date: 14-Mar-2025,WB370, Woodroffe
Cloud Migration,2025-02-21,19:00,2025-02-21,21:00,Course Code: CST8913 | Section: 010 | Delivery: Theory | Professor: Islam Gomaa | Academic Penalty Withdrawal Date: 14-Mar-2025,WB370, Woodroffe
Cloud Migration,2025-02-28,19:00,2025-02-28,21:00,Course Code: CST8913 | Section: 010 | Delivery: Theory | Professor: Islam Gomaa | Academic Penalty Withdrawal Date: 14-Mar-2025,WB370, Woodroffe
Cloud Migration,2025-03-07,19:00,2025-03-07,21:00,Course Code: CST8913 | Section: 010 | Delivery: Theory | Professor: Islam Gomaa | Academic Penalty Withdrawal Date: 14-Mar-2025,WB370, Woodroffe
Cloud Migration,2025-03-14,19:00,2025-03-14,21:00,Course Code: CST8913 | Section: 010 | Delivery: Theory | Professor: Islam Gomaa | Academic Penalty Withdrawal Date: 14-Mar-2025,WB370, Woodroffe
Cloud Migration,2025-03-21,19:00,2025-03-21,21:00,Course Code: CST8913 | Section: 010 | Delivery: Theory | Professor: Islam Gomaa | Academic Penalty Withdrawal Date: 14-Mar-2025,WB370, Woodroffe
Cloud Migration,2025-03-28,19:00,2025-03-28,21:00,Course Code: CST8913 | Section: 010 | Delivery: Theory | Professor: Islam Gomaa | Academic Penalty Withdrawal Date: 14-Mar-2025,WB370, Woodroffe
Cloud Migration,2025-04-04,19:00,2025-04-04,21:00,Course Code: CST8913 | Section: 010 | Delivery: Theory | Professor: Islam Gomaa | Academic Penalty Withdrawal Date: 14-Mar-2025,WB370, Woodroffe
Cloud Migration,2025-04-11,19:00,2025-04-11,21:00,Course Code: CST8913 | Section: 010 | Delivery: Theory | Professor: Islam Gomaa | Academic Penalty Withdrawal Date: 14-Mar-2025,WB370, Woodroffe
Cloud Migration,2025-01-10,19:00,2025-01-10,21:00,Course Code: CST8913 | Section: 010 | Delivery: Theory | Professor: Islam Gomaa | Academic Penalty Withdrawal Date: 14-Mar-2025,WB370, Woodroffe
Cloud Migration,2025-01-17,19:00,2025-01-17,21:00,Course Code: CST8913 | Section: 010 | Delivery: Theory | Professor: Islam Gomaa | Academic Penalty Withdrawal Date: 14-Mar-2025,WB370, Woodroffe
Cloud Migration,2025-01-24,19:00,2025-01-24,21:00,Course Code: CST8913 | Section: 010 | Delivery: Theory | Professor: Islam Gomaa | Academic Penalty Withdrawal Date: 14-Mar-2025,WB370, Woodroffe
Cloud Migration,2025-01-31,19:00,2025-01-31,21:00,Course Code: CST8913 | Section: 010 | Delivery: Theory | Professor: Islam Gomaa | Academic Penalty Withdrawal Date: 14-Mar-2025,WB370, Woodroffe
Cloud Migration,2025-02-07,19:00,2025-02-07,21:00,Course Code: CST8913 | Section: 010 | Delivery: Theory | Professor: Islam Gomaa | Academic Penalty Withdrawal Date: 14-Mar-2025,WB370, Woodroffe
Cloud Migration,2025-02-14,19:00,2025-02-14,21:00,Course Code: CST8913 | Section: 010 | Delivery: Theory | Professor: Islam Gomaa | Academic Penalty Withdrawal Date: 14-Mar-2025,WB370, Woodroffe
Cloud Migration,2025-02-21,19:00,2025-02-21,21:00,Course Code: CST8913 | Section: 010 | Delivery: Theory | Professor: Islam Gomaa | Academic Penalty Withdrawal Date: 14-Mar-2025,WB370, Woodroffe
Cloud Migration,2025-02-28,19:00,2025-02-28,21:00,Course Code: CST8913 | Section: 010 | Delivery: Theory | Professor: Islam Gomaa | Academic Penalty Withdrawal Date: 14-Mar-2025,WB370, Woodroffe
Cloud Migration,2025-03-07,19:00,2025-03-07,21:00,Course Code: CST8913 | Section: 010 | Delivery: Theory | Professor: Islam Gomaa | Academic Penalty Withdrawal Date: 14-Mar-2025,WB370, Woodroffe
Cloud Migration,2025-03-14,19:00,2025-03-14,21:00,Course Code: CST8913 | Section: 010 | Delivery: Theory | Professor: Islam Gomaa | Academic Penalty Withdrawal Date: 14-Mar-2025,WB370, Woodroffe
Cloud Migration,2025-03-21,19:00,2025-03-21,21:00,Course Code: CST8913 | Section: 010 | Delivery: Theory | Professor: Islam Gomaa | Academic Penalty Withdrawal Date: 14-Mar-2025,WB370, Woodroffe
Cloud Migration,2025-03-28,19:00,2025-03-28,21:00,Course Code: CST8913 | Section: 010 | Delivery: Theory | Professor: Islam Gomaa | Academic Penalty Withdrawal Date: 14-Mar-2025,WB370, Woodroffe
Cloud Migration,2025-04-04,19:00,2025-04-04,21:00,Course Code: CST8913 | Section: 010 | Delivery: Theory | Professor: Islam Gomaa | Academic Penalty Withdrawal Date: 14-Mar-2025,WB370, Woodroffe
Cloud Migration,2025-04-11,19:00,2025-04-11,21:00,Course Code: CST8913 | Section: 010 | Delivery: Theory | Professor: Islam Gomaa | Academic Penalty Withdrawal Date: 14-Mar-2025,WB370, Woodroffe
Cooperative Education and Job Readiness,2025-01-24,13:00,2025-01-24,15:00,Course Code: GEP1001 | Section: 322 | Delivery: Theory | Professor: Sarah Brown-Bennett | Academic Penalty Withdrawal Date: 13-Mar-2025,VRTUAL, Woodroffe
Cooperative Education and Job Readiness,2025-01-24,13:00,2025-01-24,15:00,Course Code: GEP1001 | Section: 322 | Delivery: Theory | Professor: Sarah Brown-Bennett | Academic Penalty Withdrawal Date: 13-Mar-2025,VRTUAL, Woodroffe
Cooperative Education and Job Readiness,2025-01-24,13:00,2025-01-24,15:00,Course Code: GEP1001 | Section: 322 | Delivery: Theory | Professor: Sarah Brown-Bennett | Academic Penalty Withdrawal Date: 13-Mar-2025,VRTUAL, Woodroffe
Cooperative Education and Job Readiness,2025-02-21,13:00,2025-02-21,15:00,Course Code: GEP1001 | Section: 322 | Delivery: Theory | Professor: Sarah Brown-Bennett | Academic Penalty Withdrawal Date: 13-Mar-2025,VRTUAL, Woodroffe
Cooperative Education and Job Readiness,2025-02-21,13:00,2025-02-21,15:00,Course Code: GEP1001 | Section: 322 | Delivery: Theory | Professor: Sarah Brown-Bennett | Academic Penalty Withdrawal Date: 13-Mar-2025,VRTUAL, Woodroffe
Cooperative Education and Job Readiness,2025-02-21,13:00,2025-02-21,15:00,Course Code: GEP1001 | Section: 322 | Delivery: Theory | Professor: Sarah Brown-Bennett | Academic Penalty Withdrawal Date: 13-Mar-2025,VRTUAL, Woodroffe
Cooperative Education and Job Readiness,2025-03-21,13:00,2025-03-21,15:00,Course Code: GEP1001 | Section: 322 | Delivery: Theory | Professor: Sarah Brown-Bennett | Academic Penalty Withdrawal Date: 13-Mar-2025,VRTUAL, Woodroffe
Cooperative Education and Job Readiness,2025-03-21,13:00,2025-03-21,15:00,Course Code: GEP1001 | Section: 322 | Delivery: Theory | Professor: Sarah Brown-Bennett | Academic Penalty Withdrawal Date: 13-Mar-2025,VRTUAL, Woodroffe
